smiles_standarized,label,group
O=[N+]([O-])OCC(CO[N+](=O)[O-])(CO[N+](=O)[O-])CO[N+](=O)[O-],1.0,training
Oc1c(Cl)cc(Cl)c2cccnc12,1.0,training
CC(=O)NC[C@H]1O[C@H](O[C@H]2[C@H](O)[C@@H](O[C@H]3O[C@H](CO)[C@@H](O)[C@H](N)[C@H]3O)[C@H](N)C[C@@H]2N)[C@H](O)[C@@H](O)[C@@H]1O,0.0,training
CON=C(C(=O)NC1C(=O)N2C(C(=O)O)=C(CSc3nc(C)c(CC(=O)O)s3)CS[C@H]12)c1csc(N)n1,0.0,training
CC[C@H]1OC(=O)C(C)[C@@H](O[C@H]2C[C@@](C)(OC)[C@@H](O)[C@H](C)O2)[C@H](C)[C@@H](O[C@@H]2O[C@H](C)C[C@H](N(C)C)[C@H]2O)[C@](C)(O)CC(C)C(=O)C(C)[C@@H](O)[C@]1(C)O,1.0,training
CC[C@@H](CO)NC(=O)C1C=C2c3cccc4[nH]cc(c34)C[C@H]2N(C)C1,1.0,training
CC(C)=c1nc(N(C)S(C)(=O)=O)nc(-c2ccc(F)cc2)c1=CC[C@@H](O)C[C@@H](O)CC(=O)O,1.0,training
CN(C)C1C(=O)C(C(=O)NCNC(CCCCN)C(=O)O)C(=O)[C@@]2(O)C(=O)C3C(=O)c4c(O)cccc4[C@@](C)(O)[C@@H]3C[C@@H]12,1.0,training
COc1ccc(C(=O)Nc2ccccc2CC[C@@H]2CCCCN2C)cc1,1.0,training
CC(C)c1nc(CN(C)C(=O)NC(C(=O)N[C@@H](Cc2ccccc2)C[C@H](O)[C@H](Cc2ccccc2)NC(=O)OCc2cncs2)C(C)C)cs1,1.0,training
C=c1c(C(=O)NCCN(CC)CC)c(C)[nH]c1=Cc1c(O)[nH]c2ccc(F)cc12,1.0,training
CC(C)(C)NC(=O)C1CC[C@H]2[C@@H]3CC[C@@H]4NC(=O)C=C[C@]4(C)[C@H]3CC[C@]12C,1.0,training
NCC1CCC(C(=O)O)CC1,1.0,training
Nc1nc(=O)c2ncn(CCC(CO)CO)c2[nH]1,1.0,training
CCCCCCCCCCCCCCCCCCCCCCO,0.0,training
CN(C)CCCO[C@@H]1[C@H]2OC(C)(C)O[C@H]2O[C@@H]1[C@H](O)CO,1.0,training
CCN(CC)CCOc1ccc(/C(=C(/Cl)c2ccccc2)c2ccccc2)cc1,1.0,training
NC[C@H]1O[C@@H](O[C@@H]2[C@@H](O)[C@H](O[C@H]3O[C@H](CO)[C@@H](O)[C@H](N)[C@H]3O)[C@@H](N)C[C@H]2N)[C@H](N)C[C@@H]1O,0.0,training
C[C@H](O)Cn1cnc2c1c(=O)n(C)c(=O)n2C,1.0,training
CN(C)CCC(c1ccccc1)c1ccccn1,1.0,training
CCOC(=O)Nc1ccc2c(c1)N(C(=O)CCN1CCOCC1)c1ccccc1S2,1.0,training
CC(C)N(CC[C@@](C(N)=O)(c1ccccc1)c1cccnc1)C(C)C,1.0,training
COc1ccc2cc(CCC(C)=O)ccc2c1,1.0,training
CC(C)CCC[C@@H](C)[C@H]1CC[C@H]2[C@@H]3CC=C4C[C@@H](O)CC[C@]4(C)[C@H]3CC[C@]12C,1.0,training
COc1nc(C)nc(Cl)c1NC1=NCCN1,1.0,training
Cc1cn([C@@H]2C=C[C@H](CO)O2)c(=O)nc1N,1.0,training
Cn1c(=O)c2c(ncn2C)n(C)c1=O,1.0,training
O=C(O)c1cc(=O)c2c(OCC(O)COc3cccc4oc(C(=O)O)cc(=O)c34)cccc2o1,0.0,training
CC#CC[C@@H](C)[C@@H](O)/C=C\[C@@H]1[C@H]2C/C(=C\CCCC(=O)O)C[C@H]2C[C@H]1O,0.0,training
CO[C@H]1/C=C/O[C@@]2(C)Oc3c(C)c(O)c4c(O)c(c5c(nc6cc(C)ccn65)c4c3C2=O)NC(=O)C(C)=CC=CC(C)[C@H](O)[C@@H](C)[C@@H](O)[C@@H](C)[C@H](OC(C)=O)[C@@H]1C,0.0,training
CC[C@@H]([C@H](C)O)n1ncn(-c2ccc(N3CCN(c4ccc(OCC5CO[C@@](Cn6cncn6)(c6ccc(F)cc6F)C5)cc4)CC3)cc2)c1=O,1.0,training
CCOC(=O)C1=C(C)N=C(C)C(C(=O)OC)[C@@H]1c1cccc([N+](=O)[O-])c1,0.0,training
C[C@]1(O)CC[C@H]2[C@@H]3CC=C4CC(=O)CC[C@]4(C)[C@@]3(F)[C@@H](O)C[C@@]21C,1.0,training
CN(C)CCc1c[nH]c2ccc(CS(=O)(=O)N3CCCC3)cc12,1.0,training
N=C(N)NCCN1CCCCCCC1,1.0,training
COCCCOc1cc(C[C@@H](C[C@H](N)[C@@H](O)CC(C(=O)NCC(C)(C)C(N)=O)C(C)C)C(C)C)ccc1OC,0.0,training
COc1ccc(CCN(C)CCCC2(c3ccc(OC)c(OC)c3)S(=O)(=O)CCCS2(=O)=O)cc1OC,1.0,training
COC(=O)Nc1nc2cc(C(=O)c3ccccc3)ccc2[nH]1,1.0,training
CNCC[C@H](Oc1ccc(C(F)(F)F)cc1)c1ccccc1,1.0,training
Cc1cc(C(C)(C)C)c(O)c(C)c1CC1=NCCN1,0.0,training
N=C(N)NCCCC(N)C(=O)O,1.0,training
CC1(C)S[C@@H]2C(NC(=O)Cc3ccccc3)C(=O)N2C1C(=O)O,1.0,training
Cc1cc(C)nc(NS(=O)(=O)c2ccc(N)cc2)n1,1.0,training
CN(C)CCO[C@@](C)(c1ccccc1)c1ccccn1,1.0,training
CC(=O)c1cc([C@@H](O)CN[C@H](C)CCc2ccccc2)ccc1O,0.0,training
CC(C)(C)NCC(O)c1cc(Cl)c(N)c(Cl)c1,1.0,training
CC[C@@H](CO)NC(=O)C1C=C2c3cccc4c3c(cn4C)C[C@H]2N(C)C1,0.0,training
CO[C@H]1/C=C\O[C@@]2(C)Oc3c(C)c(O)c4c(O)c(c(C=NN5CCN(C)CC5)c(O)c4c3C2=O)NC(=O)C(C)=CC=CC(C)[C@H](O)[C@@H](C)[C@@H](O)[C@@H](C)[C@H](OC(C)=O)[C@@H]1C,1.0,training
CCn1cc(C(=O)O)c(=O)c2cc(F)c(N3CCN(C)CC3)cc21,1.0,training
CN(N=O)C(=O)N[C@@H]1[C@@H](O)[C@H](O)[C@@H](CO)O[C@H]1O,1.0,training
COc1ccc2c(c1)N(C[C@@H](C)CN(C)C)c1ccccc1S2,1.0,training
CN(C)c1cc(NC(=O)CNC(C)(C)C)c(O)c2c1C[C@H]1C[C@H]3C(N(C)C)C(=O)C(C(N)=O)C(=O)[C@@]3(O)C(=O)C1C2=O,0.0,training
C=C[C@H]1CN2CC[C@H]1C[C@@H]2[C@@H](O)c1ccnc2ccc(OC)cc12,1.0,training
CCOC(Cc1ccc(OCCc2ccc(OS(C)(=O)=O)cc2)cc1)C(=O)O,1.0,training
C#Cc1cccc(Nc2ncnc3cc(OCCOC)c(OCCOC)cc23)c1,1.0,training
CCC1(c2ccccc2)C(=O)NC(=O)NC1=O,1.0,training
CC(C)N[C@@H](C)[C@H](O)c1cccc2ccccc12,1.0,training
N=C1Cc2ccccc2N(C(N)=O)c2ccccc21,1.0,training
CN(C)CCCOc1nn(Cc2ccccc2)c2ccccc12,1.0,training
CC(=O)O[C@H]1C[C@@]2(C)[C@@H](C[C@@H](O)[C@@H]3[C@@]4(C)CC[C@@H](O)[C@@H](C)[C@@H]4CC[C@@]32C)/C1=C(\CCC=C(C)C)C(=O)O,1.0,training
O=C(O)c1cn(C2CC2)c2nc(N3CCCCC3)c(F)cc2c1=O,1.0,training
CC(C)Nc1cccnc1N1CCN(C(=O)c2cc3cc(N)ccc3[nH]2)CC1,1.0,training
CN1c2ccccc2N(CCCCCCC(=O)O)c2ccc(Cl)cc2S1(=O)=O,1.0,training
CNS(=O)(=O)CCc1ccc2[nH]c(C3CCN(C)CC3)cc2c1,1.0,training
C[C@@H](O[C@H]1OCCN(Cc2n[nH]c(=O)[nH]2)[C@H]1c1ccc(F)cc1)c1cc(C(F)(F)F)cc(C(F)(F)F)c1,1.0,training
O=C1CN=C(c2ccccn2)c2cc(Br)ccc2N1,1.0,training
O=C(O)c1cc(N=Nc2ccc(O)c(C(=O)O)c2)ccc1O,0.0,training
CC(=O)O[C@H](CC(=O)O)C[N+](C)(C)C,0.0,training
C=CC1=C(C(=O)O)N2C(=O)C(NC(=O)C(=NO)c3cnc(N)s3)[C@H]2SC1,0.0,training
Cc1cccc(Nc2ccncc2S(=O)(=O)NC(=O)NC(C)C)c1,1.0,training
O=[N+]([O-])OCC(CO[N+](=O)[O-])O[N+](=O)[O-],0.0,training
COc1c(C)c2c(c(O)c1C/C=C(\C)CCC(=O)O)C(=O)OC2,1.0,training
NC(=O)c1cn(Cc2c(F)cccc2F)nn1,1.0,training
CC[C@@]1(O)C(=O)CCc2c1cc1n(c2=O)Cc2cc3c(N)cccc3nc2-1,1.0,training
CCOC(=O)O[C@]1(C(=O)OCCl)CC[C@H]2[C@@H]3CC=C4CC(=O)C=C[C@]4(C)[C@H]3[C@@H](O)C[C@@]21C,0.0,training
CCCC(CCC)C(=O)OC1C[C@H]2CC[C@@H](C1)[N+]2(C)C,0.0,training
CCOC(=O)O[C@H](C)OC1=C(C(=O)Nc2ccccn2)N(C)S(=O)(=O)c2ccccc21,0.0,training
COc1nc(C(Cl)(Cl)Cl)c(Cl)c(OC)c1Cl,1.0,training
Cc1ccc(O)c([C@H](CCN(C(C)C)C(C)C)c2ccccc2)c1,1.0,training
C=CCN1CC[C@]23c4c5ccc(O)c4OC2C(=O)CC[C@@]3(O)[C@H]1C5,0.0,training
CCN(CC)c1cc(C)nc2ncnn12,1.0,training
O=c1[nH]cnc2[nH]ncc12,1.0,training
NC[C@H](O)c1ccc(O)c(O)c1,0.0,training
CC(C)(C)NC[C@@H](O)c1cc(O)cc(O)c1,0.0,training
O=C(O)CCNC(=O)c1ccc(N=Nc2ccc(O)c(C(=O)O)c2)cc1,0.0,training
COc1cc(N)c(Cl)cc1C(=O)N[C@H]1CCN(CCCOc2ccc(F)cc2)C[C@H]1OC,1.0,training
COc1cc2ncnc(Nc3ccc(F)c(Cl)c3)c2cc1OCCCN1CCOCC1,1.0,training
O=C(O)CCCc1ccc(N(CCCl)CCCl)cc1,1.0,training
Cc1ccc2c(-c3ccccc3)nc(=O)n(C(C)C)c2c1,0.0,training
CN(C)CCOC(c1ccccc1)c1ccccc1,1.0,training
CN1CC(=O)N2C(Cc3c([nH]c4ccccc34)[C@H]2c2ccc3c(c2)OCO3)C1=O,0.0,training
CN(C)CCC[C@H]1c2ccccc2COc2ccccc21,1.0,training
O=c1[nH]c2ccccc2n1CCCN1CCC(Nn2c(=O)[nH]c3cc(Cl)ccc32)CC1,0.0,training
CCOC(=O)C(CCc1ccccc1)NC(C)C(=O)N(CC(=O)O)C1Cc2ccccc2C1,1.0,training
O=NN(CCCl)C(=O)NC1CCCCC1,1.0,training
CC(=O)O[C@H]1C[C@@H]2CC[C@@H]3[C@H](CC[C@@]4(C)[C@H]3C[C@@H]([N+]3(C)CCCCC3)[C@@H]4OC(C)=O)[C@@]2(C)C[C@@H]1[N+]1(C)CCCCC1,0.0,training
CCC1=CC(C)C[C@H](C)C[C@H](OC)[C@H]2O[C@@](O)(C(=O)C(=O)N3CCCCC3C(=O)O[C@H](/C(C)=C/[C@@H]3CC[C@@H](O)[C@H](OC)C3)[C@H](C)[C@@H](O)CC1=O)[C@H](C)C[C@@H]2OC,0.0,training
NCCC(O)(P(=O)(O)O)P(=O)(O)O,0.0,training
CN1C(=O)NC(=O)[C@](C)(C2=CCCCC2)C1=O,1.0,training
O=c1[nH]cnc2c1ncn2[C@@H]1CC[C@H](CO)O1,1.0,training
COc1cc(C)c([S+](C)[O-])cc1OC,1.0,training
COc1cc2c(cc1OC)C(=O)C(CC1CCN(Cc3ccccc3)CC1)C2,1.0,training
CCCc1c2oc(C(=O)O)cc(=O)c2cc2c(=O)cc(C(=O)O)n(CC)c12,0.0,training
CC(=O)NC[C@H]1CN(c2ccc(N3CCOCC3)c(F)c2)C(=O)O1,1.0,training
COc1ccnc(C[S+]([O-])c2nc3cc(OC(F)F)ccc3[nH]2)c1OC,1.0,training
Fc1ccccc1CCN1NN2C=C(Br)C=CC2=NC1=S,0.0,training
COC(=O)C(c1ccccc1)[C@H]1CCCCN1,1.0,training
CC(C)C[C@H](NC(=O)C(Cc1ccccc1)NC(=O)c1cnccn1)B(O)O,0.0,training
COc1ccc(CCN(C)CCC[C@](C#N)(c2cc(OC)c(OC)c(OC)c2)C(C)C)cc1OC,0.0,training
COc1cc2nc(N3CCN(C(=O)c4ccco4)CC3)nc(N)c2cc1OC,1.0,training
CC(=O)Nc1ccc(O)cc1,1.0,training
CNC(=O)Oc1ccc2c(c1)[C@@H]1CCN(C)[C@@H]1N2C,0.0,training
CCCCC(=O)O[C@H]1CC[C@H]2[C@@H]3CCc4cc(O)ccc4[C@H]3CC[C@]12C,0.0,training
CCOC(=O)n1ccn(C)c1=S,0.0,training
CC(=O)[C@@]1(O)CC[C@H]2C3=CC(Cl)=C4CC(=O)C5C[C@@H]5[C@]4(C)[C@H]3CC[C@@]21C,1.0,training
Cc1[nH]cnc1CN1CCc2c(c3ccccc3n2C)C1=O,1.0,training
Cc1ccc(Cl)c(Nc2ccccc2C(=O)O)c1Cl,1.0,training
CON=C(C(=O)NC1C(=O)N2C(C(=O)O)=C(CSc3nc(=O)c(=O)[nH]n3C)CS[C@H]12)c1csc(N)n1,0.0,training
CCC1=C2Cn3c(cc4c(c3=O)COC(=O)[C@]4(O)CC)C2=N[C@H]2C=CC(OC(=O)N3CCC(N4CCCCC4)CC3)=C[C@H]12,0.0,training
CN[C@@H]1[C@H](O[C@H]2[C@@H](O[C@H]3[C@H](O)[C@@H](O)[C@H](N=C(N)N)[C@@H](O)[C@@H]3N=C(N)N)O[C@@H](C)[C@]2(O)C=O)O[C@@H](CO)[C@H](O)[C@H]1O,0.0,training
Oc1c(C2=CCC(c3ccc(Cl)cc3)CC2)c(O)c2ccccc2c1O,1.0,training
CCC(C(N)=O)N1CCCC1=O,1.0,training
COc1cccc2c(O)c3c(c(O)c12)C(=O)C1=C(C[C@@](O)(CC(=O)CO)C[C@@H]1O[C@H]1C[C@H](N)[C@@H](O)[C@H](C)O1)C3=O,0.0,training
COc1ccccc1OCCNC[C@@H](O)OCc1cccc2[nH]c3ccccc3c12,1.0,training
Cc1cnc(C[S+]([O-])c2nc3ccccc3[nH]2)cc1OCC(F)(F)F,1.0,training
Clc1ccc2nsnc2c1NC1=NCCN1,1.0,training
CC(C)(C)NC[C@@H](O)c1ccc(O)c(C(=O)O)c1,1.0,training
N[C@@H]1CN(c2c(F)cc3c(=O)c(C(=O)O)cn([C@H]4C[C@@H]4F)c3c2Cl)CC12CC2,1.0,training
CC1=NS(=O)(=O)c2cc(Cl)ccc2N1,1.0,training
CN1CC[C@]23c4c5ccc(O)c4OC2C(=O)CC[C@@]3(O)[C@H]1C5,0.0,training
CO[C@H]1O[C@@H]2O[C@@]3(C)CC[C@H]4[C@H](C)CC[C@@H]([C@H]1C)[C@@]24OO3,1.0,training
COc1cc2c(c(OC)c1OC)-c1ccc(OC)c(=O)cc1[C@@H](NC(C)=O)CC2,1.0,training
O=C(O)c1ccccc1O,1.0,training
CS(=O)(=O)CCNCc1ccc(-c2ccc3ncnc(Nc4ccc(OCc5cccc(F)c5)c(Cl)c4)c3c2)o1,0.0,training
COCCCC/C(=N\OCCN)c1ccc(C(F)(F)F)cc1,1.0,training
NC(=O)OCC(COC(N)=O)c1ccccc1,1.0,training
CCCN(CCC)C(=O)Cc1c(-c2ccc(C)cc2)nc2ccc(C)cn12,1.0,training
O=C(O)C(CCc1ccccc1)NC1CCCN2CCCC(C(=O)O)N2C1=O,1.0,training
Cc1c(O)cccc1C(=O)N[C@@H](CSc1ccccc1)[C@H](O)CN1C[C@H]2CCCC[C@H]2CC1C(=O)NC(C)(C)C,1.0,training
CN[C@@H]1CCc2[nH]c3ccc(C(N)=O)cc3c2C1,1.0,training
C[C@@H]1[C@H](O)[C@@H](C)/C=C/C=C/CC/C=C\C=C\C=C/C=C/[C@H](O[C@H]2O[C@H](C)[C@@H](O)[C@H](N)[C@@H]2O)C[C@@H]2O[C@](O)(C[C@@H](O)[C@H](O)CC[C@@H](O)C[C@@H](O)C[C@@H](O)CC(=O)O[C@H]1C)C[C@H](O)C2C(=O)O,0.0,training
O=P1(N(CCCl)CCCl)NCCCO1,1.0,training
NC(=O)C[S+]([O-])C(c1ccccc1)c1ccccc1,1.0,training
NC1CONC1=O,1.0,training
CCC1(c2ccccc2)C(=O)NC(=O)N(C)C1=O,1.0,training
C[C@H]1O[C@@H](O[C@H]2[C@@H](O)C[C@H](O[C@H]3[C@@H](O)C[C@H](O[C@H]4CC[C@@]5(C)[C@H](CC[C@@H]6[C@@H]5CC[C@]5(C)[C@@H](C7=CC(=O)OC7)CC[C@]65O)C4)O[C@@H]3C)O[C@@H]2C)C[C@H](O)[C@@H]1O,1.0,training
CC(C)N=C(N)N=C(N)Nc1ccc(Cl)cc1,1.0,training
CCN(CCO)CC[C@H](C)Nc1ccnc2cc(Cl)ccc12,1.0,training
COCCOC(=O)C1=C(C)N=C(C)C(C(=O)O)[C@@H]1c1cccc([N+](=O)[O-])c1,0.0,training
CN1C(=O)CC(=O)N(c2ccccc2)c2cc(Cl)ccc21,1.0,training
CC(c1ncncc1F)[C@](O)(Cn1cncn1)c1ccc(F)cc1F,1.0,training
CCC#CC[C@H](C)[C@H](O)C#C[C@@H]1[C@H]2C/C(=C\COCC(=O)O)C[C@H]2C[C@H]1O,1.0,training
COc1ccc(OC)c(Cc2cnc3c(C)c(N)nc(N)c3n2)c1,1.0,training
CCCCC(=O)N(Cc1ccc(-c2ccccc2-c2nn[nH]n2)cc1)C(C(=O)O)C(C)C,1.0,training
Nc1nc(=S)c2[nH]cnc2[nH]1,1.0,training
CN1CCN(C2=Nc3cc(Cl)ccc3Nc3ccccc32)CC1,1.0,training
COc1ccc([C@@H]2CNC(=O)C2)cc1OC1CCCC1,1.0,training
O=C(c1ccc(F)cc1)C1CCN(CCn2c(=O)[nH]c3ccccc3c2=O)CC1,1.0,training
CC(C)(C)NC[C@H](O)COc1cccc2c1C[C@H](O)[C@H](O)C2,1.0,training
CC(N=C(N=c1cc[nH]cc1)NC#N)C(C)(C)C,1.0,training
CC[N+](C)(C)[C@@H](C)CC(c1ccccc1)c1ccccc1,0.0,training
CCCCCN=C(N)NN=Cc1c[nH]c2ccc(OC)cc12,0.0,training
Cc1cc(=O)n(-c2ccccc2)n1C,1.0,training
OCCN1CCN(CC/C=C2/c3ccccc3Sc3ccc(Cl)cc32)CC1,1.0,training
C=CCc1ccccc1OC[C@@H](O)CNC(C)C,0.0,training
CCCCCCC(C)(C)c1cc(O)c2c(c1)OC(C)(C)[C@@H]1CCC(=O)C[C@@H]21,1.0,training
CC(C)C(N)C(=O)OCC(CO)OCn1cnc2c(=O)[nH]c(N)nc21,1.0,training
Oc1ccc2c(c1O)-c1cccc3c1[C@@H](C2)NCC3,0.0,training
CS(=O)(=O)c1ccc(C2=C(c3ccccc3)C(=O)OC2)cc1,1.0,training
CC(=O)OCC(=O)[C@@]12N=C(C)O[C@@H]1C[C@H]1[C@@H]3CC=C4CC(=O)C=C[C@]4(C)[C@H]3[C@@H](O)C[C@@]12C,1.0,training
N[C@@H]1CC1c1ccccc1,1.0,training
CC(C(=O)O)c1ccc(-c2cccc(F)c2)cc1,1.0,training
COc1c2c(cc(F)c1N1C[C@@H]3CCCN[C@@H]3C1)C(=O)C(C(=O)O)=C[C@@H]2NC1CC1,1.0,training
CC(=O)OCC1=C(C(=O)O)N2C(=O)C(NC(=O)CSc3ccncc3)[C@@H]2SC1,0.0,training
CCn1cc(C(=O)O)c(=O)c2cnc(N3CCNCC3)nc21,1.0,training
N=C(N)N=C(N)NCCc1ccccc1,1.0,training
CCOC(=O)C(CCc1ccccc1)NC1CCCN2CCCC(C(=O)O)N2C1=O,1.0,training
CC(C)(C)NC[C@H](O)COc1cccc2c1SCCC2,1.0,training
CN(C)C1C(=O)C(C(N)=O)C(=O)[C@@]2(O)C(=O)C3C(=O)c4c(O)ccc(Cl)c4[C@@](C)(O)[C@H]3C[C@@H]12,1.0,training
CN(C)CCc1c[nH]c2ccc(C[C@H]3COC(=O)N3)cc12,1.0,training
CCCNC(Cc1cccc2[nH]c(O)cc12)NCCC,1.0,training
CN(Cc1cnc2nc(N)nc(N)c2n1)c1ccc(C(=O)NC(CCC(=O)O)C(=O)O)cc1,1.0,training
CCN(CC)CCNC(=O)c1ccc(N)cc1,1.0,training
CN[C@@H]1[C@@H](O)[C@@H](O[C@@H]2[C@@H](O)[C@H](O[C@H]3O[C@H]([C@@H](C)NC)CC[C@H]3N)[C@@H](N)C[C@H]2N)OC[C@]1(C)O,0.0,training
CCOC(=O)C1=C(COCCN)N=C(C)C(C(=O)OC)[C@@H]1c1ccccc1Cl,1.0,training
Clc1cccc(Cl)c1NC1=NCCN1,1.0,training
CC1(C)S[C@@H]2C(NC(=O)C(NC(=O)N3CCNC3=O)c3ccccc3)C(=O)N2C1C(=O)O,0.0,training
C[C@@H](O)C1C(=O)N2C(C(=O)O)=C(S[C@H]3CCC(C(=O)N(C)C)N3)[C@H](C)[C@H]12,0.0,training
CC[C@@]1(c2cccc(O)c2)CCCCN(C)C1,0.0,training
CC(=O)Nc1ccc([C@@H](O)CNC(C)C)cc1,1.0,training
Cc1ccc(NC(=O)c2ccc(CN3CCN(C)CC3)cc2)cc1Nc1nccc(-c2cccnc2)n1,1.0,training
CC(=O)Oc1ccc2c3c1O[C@H]1[C@@H](OC(C)=O)C=C[C@H]4[C@@H](C2)N(C)CC[C@@]341,0.0,training
OCCN1CCN(CCCN2c3ccccc3Sc3ccc(Cl)cc32)CC1,1.0,training
Nc1nc(=O)n(C2CCC(CO)O2)cc1F,1.0,training
CC(C)(C#N)c1cc(Cn2cncn2)cc(C(C)(C)C#N)c1,1.0,training
CCOC(=O)c1c(C)nc(C)c(C(=O)OCC)c1-c1ccccc1CCC(=O)OC(C)(C)C,0.0,training
CCOC(=O)C(CCc1ccccc1)NC(C)C(=O)N1C(C(=O)O)C[C@H]2CCCC[C@@H]21,0.0,training
Cc1cccc(OC[C@@H](O)CNC(C)C)c1,1.0,training
CC(C)(C)C(=O)OCOC(=O)C1N2C(=O)C(/N=C/N3CCCCCC3)[C@@H]2SC1(C)C,0.0,training
CCCC=c1ncc(=CC(Cc2cccs2)C(=O)O)n1Cc1ccc(C(=O)O)cc1,0.0,training
CC(=O)OC1=C2C(C)[C@@H](OC(=O)C(O)C(NC(=O)c3ccccc3)c3ccccc3)C[C@@](O)([C@@H](OC(=O)c3ccccc3)[C@@H]3[C@]4(OC(C)=O)CO[C@@H]4C[C@H](O)[C@@]3(C)C1=O)C2(C)C,0.0,training
CN(C)Cc1nnc2n1-c1ccc(Cl)cc1C(c1ccccc1)=NC2,1.0,training
CC1=C(/C=C\C(C)=C\C=C\C(C)=C\C(=O)O)C(C)(C)CCC1,1.0,training
O=C(O)C1/C(=C\CO)O[C@@H]2CC(=O)N12,1.0,training
CC[C@H](CO)NCCN[C@H](CC)CO,1.0,training
CC(C)C(=O)OCC(=O)[C@@]12O[C@H](C3CCCCC3)O[C@@H]1C[C@H]1[C@@H]3CC=C4CC(=O)C=C[C@]4(C)[C@H]3[C@@H](O)C[C@@]12C,0.0,training
CCCN1C[C@H](CSC)C[C@@H]2c3cccc4[nH]cc(c34)C[C@H]21,1.0,training
CN(C)C1C(=O)C(C(N)=O)C(=O)[C@@]2(O)C(=O)C3C(=O)c4c(O)ccc(Cl)c4[C@@H](O)[C@H]3C[C@@H]12,1.0,training
COc1ccc(CCN(C)CCC[C@@](C#N)(c2cc(OC)c(OC)c(OC)c2)C(C)C)cc1OC,0.0,training
CN(C)CCCN1c2ccccc2CCc2ccc(Cl)cc21,1.0,training
CNCCC=C1c2ccccc2CCc2ccccc21,1.0,training
Nc1nc(Cl)nc2c1ncn2[C@@H]1O[C@H](CO)[C@@H](O)[C@@H]1F,1.0,training
CC(=O)[C@@]1(O)CC[C@H]2[C@@H]3CC(C)=C4CC(=O)CC[C@]4(C)[C@H]3CC[C@@]21C,0.0,training
COc1ccccc1N1CCN(CCCNc2cc(=O)n(C)c(=O)n2C)CC1,1.0,training
Nc1c(CC(=O)O)cccc1C(=O)c1ccc(Br)cc1,1.0,training
CC(C)(Oc1ccc([C@@H]2CC2(Cl)Cl)cc1)C(=O)O,1.0,training
CCCCCN(C)CCC(O)(P(=O)(O)O)P(=O)(O)O,0.0,training
CNC(CC(C)C)C(=O)NC1C(=O)NC(CC(N)=O)C(=O)NC2C(=O)NC3C(=O)NC(C(=O)NC(C(=O)O)c4cc(O)cc(O)c4-c4cc3ccc4O)[C@H](O)c3ccc(c(Cl)c3)Oc3cc2cc(c3O[C@@H]2O[C@H](CO)[C@@H](O)[C@H](O)[C@H]2O[C@@H]2C[C@](C)(N)[C@H](O)[C@H](C)O2)Oc2ccc(cc2Cl)[C@H]1O,0.0,training
CCCCCCCCCCC[C@@H](C[C@@H]1OC(=O)C1CCCCCC)OC(=O)C(CC(C)C)NC=O,0.0,training
CCn1cc(C(=O)O)c(=O)c2ccc(C)nc21,1.0,training
Cc1cccc(Nc2ccccc2C(=O)O)c1C,1.0,training
CO[C@]12CC[C@@]3(C[C@@H]1[C@](C)(O)C(C)(C)C)[C@H]1Cc4ccc(O)c5c4[C@@]3(CCN1CC1CC1)[C@H]2O5,1.0,training
N=C(CCSCc1csc(N=C(N)N)n1)NS(N)(=O)=O,1.0,training
Cc1ccc(C)c(OCCCC(C)(C)C(=O)O)c1,1.0,training
CN1CC[C@]23c4c5ccc(O)c4O[C@H]2[C@@H](O)C=C[C@H]3[C@H]1C5,1.0,training
CC(N)Cc1cccc(C(F)(F)F)c1,1.0,training
CN(Cc1cc(Br)cc(Br)c1N)C1CCCCC1,1.0,training
CCC(=O)NCC[C@@H]1CCc2ccc3c(c21)CCO3,0.0,training
Cc1ccnc(NS(=O)(=O)c2ccc(N)cc2)n1,1.0,training
COc1cc([C@@H]2c3cc4c(cc3[C@@H](O[C@@H]3O[C@@H]5CO[C@@H](C)O[C@H]5[C@H](O)[C@H]3O)[C@H]3COC(=O)C23)OCO4)cc(OC)c1O,1.0,training
Oc1cn2c(n1)Nc1ccc(Cl)c(Cl)c1C2,1.0,training
CO[C@@H]1[C@@H](OC(N)=O)[C@@H](O)[C@H](Oc2ccc3c(=O)c(NC(=O)c4ccc(O)c(CC=C(C)C)c4)c(O)oc3c2C)OC1(C)C,0.0,training
COC(=O)NC(C(=O)N[C@@H](Cc1ccccc1)[C@@H](O)CN(Cc1ccc(-c2ccccn2)cc1)NC(=O)C(NC(=O)OC)C(C)(C)C)C(C)(C)C,1.0,training
CC(C)[N+]1(C)[C@@H]2CC[C@H]1CC(OC(=O)C(CO)c1ccccc1)C2,0.0,training
CN(C)C(=O)Oc1ccc[n+](C)c1,0.0,training
CCC(=O)C1(c2cccc(O)c2)CCN(C)CC1,1.0,training
C[C@H](CN(C)C)CN1c2ccccc2CCc2ccccc21,1.0,training
CC1COc2c(N3CCN(C)CC3)c(F)cc3c(=O)c(C(=O)O)cn1c23,1.0,training
O=C1CN=C(c2ccccc2)c2cc(Cl)ccc2N1,1.0,training
C=C1c2cccc(O)c2C(=O)C2[C@@H]1[C@H](C)[C@H]1[C@H](N(C)C)[C@@H](O)C(C(N)=O)C(=O)[C@@]1(O)[C@@H]2O,1.0,training
CN1CCN(CC(=O)N2c3ccccc3C(=O)Nc3cccnc32)CC1,0.0,training
CN1[C@@H]2CC[C@@H]1CC(OC(=O)c1cn(C)c3ccccc13)C2,1.0,training
Cc1ccc(S(=O)(=O)NC(=O)NN2C[C@H]3CCC[C@H]3C2)cc1,1.0,training
CCc1cc(C(N)=S)ccn1,1.0,training
COc1ccc(CCN(C)CCC[C@](C#N)(c2ccc(OC)c(OC)c2)C(C)C)cc1OC,1.0,training
CNCCCC12CCC(c3ccccc31)c1ccccc12,1.0,training
C[C@@H](CO)NC(=O)C1C[C@@H]2c3cccc4[nH]cc(c34)C[C@H]2N(C)C1,1.0,training
COc1ccc([C@@H]2CC(=O)c3c(O)cc(O[C@@H]4O[C@H](CO[C@@H]5O[C@@H](C)[C@H](O)[C@@H](O)[C@H]5O)[C@@H](O)[C@H](O)[C@H]4O)cc3O2)cc1O,1.0,training
CC(C)=CCN1CC[C@@]2(C)c3cc(O)ccc3C[C@@H]1[C@H]2C,0.0,training
Cc1cccc(C)c1NC(=O)C1CCCCN1C,1.0,training
CN(C)CC(Oc1ccccc1)Oc1ccccc1,1.0,training
C[C@@H](CC(c1ccccc1)c1ccccc1)NC(C)(C)C,1.0,training
CC1=C(C(=O)O)N2C(=O)C(NC(=O)C(N)C3=CCC=CC3)[C@H]2SC1,1.0,training
CN(C)C(=O)Oc1cccc([N+](C)(C)C)c1,0.0,training
Cc1ccc(/C(=C\CN2CCCC2)c2ccccn2)cc1,0.0,training
C[C@H](/C=C/[C@H](C)C(C)(C)O)[C@H]1CC[C@H]2/C(=C/C=C3C[C@@H](O)C[C@H](O)C3)CCC[C@]12C,1.0,training
CC(N)C(=O)N[C@H](C)P(=O)(O)O,1.0,training
CO[C@@]1(NC(=O)Cc2ccsc2)C(=O)N2C(C(=O)O)=C(COC(N)=O)CS[C@@H]21,0.0,training
CC(=O)OC[C@H]1O[C@@H](S)[C@H](OC(C)=O)[C@@H](OC(C)=O)[C@@H]1OC(C)=O,1.0,training
O=P(O)(O)C(O)(Cc1cccnc1)P(=O)(O)O,0.0,training
CCCCC/C=C/CCC(=O)N[C@H]1[C@H](Oc2c3cc4cc2Oc2ccc(cc2Cl)[C@@H](O[C@@H]2O[C@H](CO)[C@@H](O)[C@H](O)[C@H]2NC(C)=O)C2NC(=O)C(NC(=O)C4NC(=O)C4NC(=O)C(Cc5ccc(c(Cl)c5)O3)NC(=O)C(N)c3ccc(O)c(c3)Oc3cc(O)cc4c3)c3ccc(O)c(c3)-c3c(O[C@H]4O[C@H](CO)[C@@H](O)[C@H](O)[C@@H]4O)cc(O)cc3C(C(=O)O)NC2=O)O[C@H](CO)[C@@H](O)[C@@H]1O,0.0,training
O=C1Nc2ccc(Cl)cc2[C@@](C#CC2CC2)(C(F)(F)F)O1,1.0,training
CC(C)(C)NC[C@H](O)COc1cccc2c1CCC(=O)N2,1.0,training
CC[N+]1(C)[C@@H]2CC(OC(=O)C(CO)c3ccccc3)C[C@H]1[C@H]1O[C@H]12,0.0,training
CCOC(=O)C(CCc1ccccc1)NC(C)C(=O)N1C(=O)N(C)CC1C(=O)O,1.0,training
N[C@@H](CNC1C(=O)N2C(C(=O)O)=C(Cl)CC[C@H]12)c1ccccc1,1.0,training
CCOC(=O)C(CCc1ccccc1)NC1CCc2ccccc2N(CC(=O)O)C1=O,0.0,training
CCC(=O)O[C@]1(CCN(C)CCCc2nc3ccccc3[nH]2)CCc2cc(F)ccc2[C@@H]1C(C)C,1.0,training
O[C@@H](c1cc(C(F)(F)F)nc2c(C(F)(F)F)cccc12)[C@@H]1CCCCN1,1.0,training
Cc1cc2c(s1)Nc1ccccc1N=C2N1CCN(C)CC1,1.0,training
CC(C)NC[C@@H](O)COc1ccc(COCCOC(C)C)cc1,1.0,training
Clc1ccccc1CN1CCc2sccc2C1,1.0,training
OC[C@H]1O[C@H](O)[C@H](O)[C@@H](O)[C@@H]1O,1.0,training
C[C@]12CC[C@@H]3C4=C(CC[C@H]3[C@@H]1CC[C@@H]2OC(=O)CCc1ccccc1)CC(=O)CC4,0.0,training
COc1ccc2[nH]c([S+]([O-])Cc3ncc(C)c(OC)c3C)nc2c1,1.0,training
CCc1ccc(CCOc2ccc(C[C@@]3(C=O)CNC(=O)S3)cc2)nc1,1.0,training
CC[C@@]12CCCN3CC[C@@H]4c5ccccc5N([C@H]4[C@@H]31)[C@@](O)(C(=O)OC)C2,1.0,training
CCCCC[C@H](O)/C=C/[C@@H]1C(CCCCCCC(=O)O)C(=O)C[C@H]1O,0.0,training
COc1ccc2c3c1O[C@H]1[C@@H](O)CC[C@H]4[C@@H](C2)N(C)CC[C@@]341,1.0,training
Oc1ccc2c(c1)[C@@]13CCCC[C@@]1(O)[C@@H](C2)N(CC1CCC1)CC3,0.0,training
CC1=CC[C@@H](C(C)(C)O)C[C@@H]1O,1.0,training
CC=CC1=C(C(=O)O)N2C(=O)C(NC(=O)C(N)c3ccc(O)cc3)[C@H]2SC1,1.0,training
Nc1ccn(C[C@@H](CO)OCP(=O)(O)O)c(=O)n1,0.0,training
Nc1ccn(C[C@H]2COP(=O)(O)CO2)c(=O)n1,0.0,training
NS(=O)(=O)c1cc(C(=O)O)cc(N2CCCC2)c1Oc1ccccc1,1.0,training
COc1cccc([C@@]2(O)CCCC[C@@H]2CN(C)C)c1,1.0,training
CON=C(C(=O)NC1C(=O)N2C(C(=O)O)=C(/C=C\c3scnc3C)CS[C@H]12)c1csc(N)n1,0.0,training
N[C@@H](CC(=O)N1CCn2c(nnc2C(F)(F)F)C1)Cc1cc(F)c(F)cc1F,1.0,training
Cc1nc(=O)c2cc(CN(C)c3ccc(C(=O)NC(CCC(=O)O)C(=O)O)s3)ccc2[nH]1,0.0,training
CSc1ccc(C(=O)c2[nH]c(=O)[nH]c2C)cc1,1.0,training
OCCOCCN1CCN(C(c2ccccc2)c2ccc(Cl)cc2)CC1,1.0,training
Cc1onc(-c2c(F)cccc2Cl)c1C(=O)NC1C(=O)N2C1SC(C)(C)C2(C)C(=O)O,1.0,training
COc1cc(C)c(/C=C/C(C)=C/C=C/C(C)=C/C(=O)O)c(C)c1C,1.0,training
O[C@@](CCN1CCCC1)(c1ccccc1)C1CCCCC1,1.0,training
CCCCN1C[C@H](O)[C@@H](O)[C@H](O)[C@H]1CO,1.0,training
C1CCC(C(CC2CCCCN2)C2CCCCC2)CC1,1.0,training
CC(C)(S)C(N)C(=O)O,1.0,training
O=C(OCCN1CCN(c2cccc(C(F)(F)F)c2)CC1)c1ccccc1Nc1ccnc2cc(C(F)(F)F)ccc12,1.0,training
Cc1c(Cl)cccc1Nc1ccccc1C(=O)O,1.0,training
CCOC(=O)N1CCC(=C2c3ccc(Cl)cc3CCc3cccnc32)CC1,1.0,training
C[C@H](O)C1NC(=O)C(CCCCN)NC(=O)C(Cc2c[nH]c3ccccc23)NC(=O)C(Cc2ccccc2)NC(=O)C(NC(=O)C(N)Cc2ccccc2)CSSCC(C(=O)N[C@@H](CO)[C@H](C)O)NC1=O,0.0,training
CC[C@@]1(C)CC(=O)NC1=O,1.0,training
OC(Cn1cncn1)(Cn1cncn1)c1ccc(F)cc1F,1.0,training
CC(C)C(N)C(=O)OCCOCn1cnc2c(=O)[nH]c(N)nc21,0.0,training
Cc1ccc(-c2ncc(Cl)cc2-c2ccc(S(C)(=O)=O)cc2)cn1,1.0,training
CCN[C@@H]1C[C@H](N)[C@@H](O[C@@H]2OC(CN)=CC[C@H]2N)[C@H](O)[C@H]1O[C@H]1OC[C@](C)(O)[C@H](NC)[C@H]1O,0.0,training
CCCCN(CCCC)CCC(O)c1cc2c(Cl)cc(Cl)cc2c2cc(C(F)(F)F)ccc12,0.0,training
C=C1C[C@@H]2[C@H](CC[C@]3(C)C(=O)CC[C@@H]23)[C@@]2(C)C=CC(=O)C=C12,1.0,training
NCCCCC(NC(CCc1ccccc1)C(=O)O)C(=O)N1CCCC1C(=O)O,1.0,training
O=c1ccc2ccccc2o1,0.0,training
CCOC(=O)/C=C(C)/C=C/C=C(C)/C=C/c1c(C)cc(OC)c(C)c1C,1.0,training
C[C@]12C=CC(=O)C=C1CC[C@@H]1[C@@H]2[C@@H](O)C[C@@]2(C)[C@H]1CC[C@]2(O)C(=O)CO,1.0,training
CC[C@H]1OC(=O)C[C@@H](O)[C@H](C)[C@@H](O[C@@H]2O[C@H](C)C[C@H](N(C)C)[C@H]2O)[C@@H](CC=O)CC(C)C(=O)/C=C\[C@]2(C)O[C@H]2[C@@H]1C,1.0,training
CC(C)CCC(O)COc1ccc(OCCOCC2CC2)cc1,1.0,training
O=C(O)CCCO,1.0,training
CC(C(=O)O)c1ccc(C(=O)c2ccccc2)s1,1.0,training
CC[C@H]1OC(=O)C(C)[C@@H](O[C@H]2C[C@@](C)(OC)[C@@H](O)[C@H](C)O2)[C@H](C)[C@@H](O[C@@H]2O[C@H](C)C[C@H](N(C)C)[C@H]2O)[C@](C)(O)C[C@@H](C)[C@@H]2N[C@@H](COCCOC)O[C@H]([C@H]2C)[C@]1(C)O,0.0,training
C=CCOc1ccccc1OC[C@H](O)CNC(C)C,1.0,training
O=C(O)CCCc1ccccc1,1.0,training
COc1cc(C(=O)NCc2ccc(OCCN(C)C)cc2)cc(OC)c1OC,1.0,training
C=CCN1CCC[C@@H]1CNC(=O)c1cc2[nH]nnc2cc1OC,1.0,training
CN1CCN2c3ncccc3Cc3ccccc3[C@H]2C1,1.0,training
Cc1c(F)c(N2CCNC(C)C2)cc2c1c(=O)c(C(=O)O)cn2C1CC1,1.0,training
COc1cc(N[C@H](C)CCCN)c2ncccc2c1,1.0,training
CC1(C)O[C@@H]2C[C@H]3[C@@H]4CCc5cc(O)ccc5[C@@]4(F)[C@@H](O)C[C@]3(C)[C@]2(C(=O)CO)O1,1.0,training
CCOc1ccccc1OCCN[C@@H](C)Cc1ccc(OC)c(S(N)(=O)=O)c1,1.0,training
O=c1[nH]c(=O)n([C@H]2C[C@H](O)[C@@H](CO)O2)cc1F,1.0,training
COc1c(N2CCN[C@H](C)C2)c(F)cc2c(=O)c(C(=O)O)cn(C3CC3)c12,1.0,training
Cc1ncc2n1-c1ccc(Cl)cc1C(c1ccccc1F)=NC2,1.0,training
NC[C@@H]1O[C@@H](O[C@@H]2[C@@H](O)[C@H](O[C@@H]3[C@@H](O)[C@H](N)C[C@H](N)[C@H]3O[C@H]3O[C@H](CO)[C@@H](O)[C@H](O)[C@H]3N)O[C@H]2CO)[C@H](N)[C@@H](O)[C@@H]1O,0.0,training
OC[C@]1(O)OC[C@@H](O)[C@H](O)[C@@H]1O,1.0,training
NC1=N[C@H](N)c2nc(-c3ccccc3)c(N)nc2N1,1.0,training
CN(c1nc(=O)cc[nH]1)C1CCN(c2nc3ccccc3n2Cc2ccc(F)cc2)CC1,1.0,training
CC(C)(C)NC[C@H](O)c1ccccc1Cl,1.0,training
CCCCc1nc(Cl)c(CO)n1Cc1ccc(-c2ccccc2-c2nn[nH]n2)cc1,1.0,training
CCOc1ccc2nc(S(N)(=O)=O)sc2c1,1.0,training
CCC(C)CCCCC(=O)NC(CCNCS(=O)(=O)O)C(=O)NC(C(=O)NC(CCNCS(=O)(=O)O)C(=O)NC1CCNC(=O)C(C(C)O)NC(=O)C(CCNCS(=O)(=O)O)NC(=O)C(CCNCS(=O)(=O)O)NC(=O)C(CC(C)C)NC(=O)C(CC(C)C)NC(=O)C(CCNCS(=O)(=O)O)NC1=O)C(C)O,0.0,training
CCCCC(F)(F)[C@@]1(O)CC[C@@H]2C(CCCCCCC(=O)O)C(=O)C[C@H]2O1,0.0,training
COc1cc2nc(N3CCN(C(=O)C4COc5ccccc5O4)CC3)nc(N)c2cc1OC,1.0,training
CN1[C@@H]2CCC[C@@H]1CC(NC(=O)c1nn(C)c3ccccc13)C2,1.0,training
Oc1ccc2c3c1O[C@H]1[C@@H](O)CC[C@@]4(O)[C@@H](C2)N(CC2CCC2)CC[C@]314,0.0,training
O=C(O)P(=O)(O)O,0.0,training
CCN(CC)CCN1C(=O)CN=C(c2ccccc2F)c2cc(Cl)ccc21,1.0,training
CN1CCN(CCCN2c3ccccc3Sc3ccc(Cl)cc32)CC1,0.0,training
CC(NC(CCc1ccccc1)C(=O)O)C(=O)N1C(C(=O)O)C[C@@H]2CCC[C@@H]21,1.0,training
CN(CCOc1ccc(Cc2sc(=O)[nH]c2O)cc1)c1ccccn1,1.0,training
CN1CCC(c2c3ccccc3cc(=O)c3sccc23)CC1,1.0,training
COc1c(C)c2c(c(O)c1C/C=C(\C)CCC(=O)OCCN1CCOCC1)C(=O)OC2,0.0,training
NS(=O)(=O)c1cc2c(cc1Cl)N=CN(CSCc1ccccc1)S2(=O)=O,1.0,training
CC(C)NC[C@H](O)COc1ccc(O)cc1,1.0,training
CC(=Nc1cc(C(F)(F)F)ccc1C(F)(F)F)C1CCC2C3CCC4NC(=O)C=CC4(C)C3CCC12C,1.0,training
CN1CCN(C(=O)O[C@H]2c3nccnc3C(=O)N2c2ccc(Cl)cn2)CC1,1.0,training
CCCC(CCC)C(N)=O,1.0,training
O=C1NNC(=O)C1(c1ccccc1)c1ccccc1,1.0,training
C#C[C@]1(O)CC[C@H]2[C@@H]3CC=C4CC(=O)CCC4[C@H]3C(=C)C[C@@]21CC,1.0,training
CN[C@H]1CC[C@@H](c2ccc(Cl)c(Cl)c2)c2ccccc21,1.0,training
CN(C)C(N)=NC(=N)N,1.0,training
CON=C(C(=O)NC1C(=O)N2C(C(=O)O)=C(COC(C)=O)CS[C@H]12)c1csc(N)n1,0.0,training
N#C[C@@H]1CCCN1C(=O)CNC12CC3CC(CC(O)(C3)C1)C2,1.0,training
OC[C@@H](O)[C@@H](O)[C@H](O)[C@H](O)CO,0.0,training
Cc1nc2n(c(=O)c1CCN1CCC(c3noc4cc(F)ccc34)CC1)CCCC2,1.0,training
Nc1nnc(-c2cccc(Cl)c2Cl)c(N)n1,1.0,training
Cc1ccc(/C(=C\CN2CCCC2)c2cccc(/C=C/C(=O)O)n2)cc1,0.0,training
N[C@@H](CCC(=O)O)c1ccc(Cl)cc1,1.0,training
CCOC(=O)C1=C[C@]2(CC)CCCN3C=Cc4c(n1c1ccccc41)[C@@H]32,0.0,training
CC(C)C(=O)Nc1ccc([N+](=O)[O-])c(C(F)(F)F)c1,1.0,training
CS(=O)(=O)OCCCCOS(C)(=O)=O,1.0,training
CC[C@]1(c2ccc(N)cc2)CCC(=O)NC1=O,1.0,training
O=[N+]([O-])OC1CO[C@@H]2C(O)CO[C@H]12,1.0,training
N=C(N)c1ccc(OCCCCCOc2ccc(C(=N)N)cc2)cc1,0.0,training
CCC1(c2ccccc2)C(=O)NCNC1=O,1.0,training
CN(C)CCOC1=Cc2ccccc2Sc2ccc(Cl)cc21,0.0,training
Clc1ccc2c(c1)C(N1CCNCC1)=Nc1ccccc1O2,1.0,training
CCN(CC)C(=O)C(C#N)=Cc1cc(O)c(O)c([N+](=O)[O-])c1,1.0,training
CCCN(CC)C(CC)C(=O)Nc1c(C)cccc1C,0.0,training
CCN(C)C(=O)Oc1cccc([C@H](C)N(C)C)c1,1.0,training
O=[N+]([O-])O[C@@H]1CO[C@H]2[C@@H]1OC[C@@H]2O,1.0,training
CN1C(C(=O)Nc2ccccn2)=Cc2sccc2S1(=O)=O,1.0,training
CC(C)(C)NC(=O)C1C[C@@H]2CCCC[C@@H]2CN1C[C@@H](O)[C@H](Cc1ccccc1)NC(=O)C(CC(N)=O)NC(=O)c1ccc2ccccc2n1,0.0,training
N=C(N)NCCCC(NC(=O)C1CCCN1C(=O)C1CSSCCC(=O)NC(Cc2ccc(O)cc2)C(=O)NC(Cc2ccccc2)C(=O)NC(CCC(N)=O)C(=O)NC(CC(N)=O)C(=O)N1)C(=O)NCC(N)=O,0.0,training
CO[C@H]1/C=C/O[C@@]2(C)Oc3c(C)c(O)c4c(c3C2=O)C2=NC3(CCN(CC(C)C)CC3)N[C@@H]2C(=NC(=O)C(C)CC=CC(C)[C@H](O)[C@@H](C)[C@H](O)[C@H](C)[C@H](OC(C)=O)[C@@H]1C)C4=O,1.0,training
CN1CCC[C@H]1c1cccnc1,1.0,training
CN[C@@H](C)Cc1ccccc1,1.0,training
Cn1cc[nH]c1=S,1.0,training
CCN1CCN(C(=O)NC(C(=O)NC2C(=O)N3C(C(=O)O)=C(CSc4nnnn4C)CS[C@H]23)c2ccc(O)cc2)C(=O)C1=O,0.0,training
O=C1OC2(c3ccc(O)cc3Oc3cc(O)ccc32)c2ccccc21,1.0,training
Fc1ccc([C@@H]2CCNC[C@H]2COc2ccc3c(c2)OCO3)cc1,1.0,training
CC(C)/N=c1/cc2n(-c3ccc(Cl)cc3)c3ccccc3nc-2cc1Nc1ccc(Cl)cc1,1.0,training
COc1cc(NCc2cnc3nc(N)nc(N)c3c2C)cc(OC)c1OC,1.0,training
O=C1CC[C@@]2(O)[C@H]3Cc4ccc(O)c5c4[C@@]2(CCN3CC2CC2)C1O5,1.0,training
CCCNC[C@H](O)COc1ccccc1C(=O)CCc1ccccc1,0.0,training
CN(C)CCOc1ccc(/C(=C(/CCCl)c2ccccc2)c2ccccc2)cc1,1.0,training
O=C(NC[C@@H]1CCCCN1)c1cc(OCC(F)(F)F)ccc1OCC(F)(F)F,1.0,training
Nc1nc(=O)c2ncn(COCCO)c2[nH]1,1.0,training
CN(C)CCN(Cc1cccs1)c1ccccn1,1.0,training
COC(=O)C1=C(C)N=C(C)C(C(=O)OC(C)C)[C@@H]1c1cccc2nonc12,0.0,training
CN=C(C[N+](=O)[O-])NCCSCc1csc(CN(C)C)n1,1.0,training
CC(C(=O)O)c1cccc(Oc2ccccc2)c1,1.0,training
O=C(N[C@@H](CO)[C@@H](O)c1ccc([N+](=O)[O-])cc1)C(Cl)Cl,1.0,training
CCOc1ccc(CC2=NCCc3cc(OCC)c(OCC)cc32)cc1OCC,1.0,training
CNC/C=C(\c1ccc(Br)cc1)c1cccnc1,1.0,training
Cc1cc(=O)c2c(O)c3c(O)cc(O)c4c5c(O)cc(O)c6c(=O)c7c(O)cc(C)c8c1c2c(c34)c(c65)c78,1.0,training
Cc1onc(-c2c(Cl)cccc2Cl)c1C(=O)NC1C(=O)N2C(C(=O)O)C(C)(C)S[C@@H]12,1.0,training
CN[C@@H](C)[C@@H](O)c1ccccc1,1.0,training
C[C@@H]1O[C@@H](O[C@@H]2C=C3CC[C@@H]4[C@H](CC[C@]5(C)[C@@H](c6ccc(=O)oc6)CC[C@]45O)[C@@]3(C)CC2)[C@H](O)[C@H](O)[C@H]1O,0.0,training
Cc1cn(-c2cc(NC(=O)c3ccc(C)c(Nc4nccc(-c5cccnc5)n4)c3)cc(C(F)(F)F)c2)cn1,1.0,training
CCOc1ccc(NC(C)=O)cc1,1.0,training
NNc1cc2c(nn1)CCN(C(=O)c1ccccc1)C2,1.0,training
CN(C)CCCN1c2ccccc2Sc2ccccc21,0.0,training
CC(C)NC[C@H](O)COc1cccc2c1N(C(=O)c1cccnc1)CCC2,1.0,training
Cc1ccc(Nc2c(F)cccc2Cl)c(CC(=O)O)c1,1.0,training
CCOC(=O)C(CCc1ccccc1)NC(C)C(=O)N1C(C(=O)O)C[C@@H]2CCC[C@@H]21,1.0,training
CN(C)c1ccc(O)c2c1C[C@H]1C[C@H]3C(N(C)C)C(=O)C(C(N)=O)C(=O)[C@@]3(O)C(=O)C1C2=O,1.0,training
CN1C(=O)C(O)N=C(c2ccccc2Cl)c2cc(Cl)ccc21,1.0,training
CN(C)CCC(c1ccc(Br)cc1)c1ccccn1,1.0,training
CC[C@H](C)n1ncn(-c2ccc(N3CCN(c4ccc(OC[C@H]5CO[C@@](Cn6cncn6)(c6ccc(Cl)cc6Cl)O5)cc4)CC3)cc2)c1=O,1.0,training
N[C@@H]1CCN(c2c(F)cc3c(=O)c(C(=O)O)cn(C4CC4)c3c2Cl)C1,1.0,training
Cc1cccc2c1NC(=O)c1cccnc1N2C1CC1,1.0,training
C#Cc1ccc2c(c1)COC2(CCCN(C)C)c1ccc(F)cc1,1.0,training
CC(=O)C[C@@H](c1ccc([N+](=O)[O-])cc1)c1c(O)c2ccccc2oc1=O,1.0,training
CC1(C)S[C@@H]2C(NC(=O)C(N)c3ccccc3)C(=O)N2C1C(=O)O,1.0,training
CCCC(=O)Nc1ccc(OC[C@H](O)CNC(C)C)c(C(C)=O)c1,1.0,training
CCC(C)(C)C(=O)O[C@H]1C[C@@H](C)C=C2C=C[C@H](C)[C@H](CC[C@@H]3C[C@@H](O)CC(=O)O3)[C@H]21,0.0,training
COc1cc(=N)cnn1-c1ccccc1,1.0,training
COc1ccc(CCNC[C@H](O)COc2cccc(C)c2)cc1OC,1.0,training
COc1cc2c(N)nc(N3CCN(C(=O)OCC(C)(C)O)CC3)nc2c(OC)c1OC,1.0,training
Cc1ccccc1N1C(=O)c2cc(S(N)(=O)=O)c(Cl)cc2N[C@H]1C,1.0,training
CCC1(CCC(C)C)C(=O)NC(=O)NC1=O,1.0,training
COc1cc(Cc2cnc(N)nc2N)cc(OC)c1OC,1.0,training
N=C(N)NC(=O)Cc1c(Cl)cccc1Cl,1.0,training
CCN[C@@H](C)Cc1cccc(C(F)(F)F)c1,1.0,training
c1ccc(C2(c3ccccc3)C[C@H]2C2=NCCN2)cc1,1.0,training
Cc1[nH]c(=O)c(C#N)cc1-c1ccncc1,1.0,training
NC(CCS)C(=O)O,1.0,training
CO[C@]12C[C@@H](COC(=O)c3cncc(Br)c3)CN(C)[C@@H]1Cc1cn(C)c3cccc2c13,0.0,training
CCO,1.0,training
CCC(=O)N(c1ccccc1)C1(COC)CCN(CCn2c(=O)nnn2CC)CC1,0.0,training
CC(C)n1c(/C=C/[C@@H](O)C[C@@H](O)CC(=O)O)c(-c2ccc(F)cc2)c2ccccc21,1.0,training
Nc1ccn([C@H]2CO[C@H](CO)S2)c(=O)n1,1.0,training
CC(C)NC[C@@H](O)COc1ccc(CC(N)=O)cc1,1.0,training
Cc1onc(-c2ccccc2Cl)c1C(=O)NC1C(=O)N2C(C(=O)O)C(C)(C)S[C@@H]12,1.0,training
CNCCCCOc1ccccc1Cc1ccccc1,0.0,training
O=P1(N(CCCl)CCCl)OCCCN1CCCl,1.0,training
NS(=O)(=O)c1cc([C@@]2(O)NC(=O)c3ccccc32)ccc1Cl,1.0,training
CC[C@H]1OC(=O)C(C)[C@H](O[C@H]2C[C@@](C)(OC)[C@@H](O)[C@H](C)O2)[C@@H](C)[C@H](O[C@@H]2O[C@H](C)C[C@H](N(C)C)[C@H]2O)[C@@](C)(OC)CC(C)C(=O)C(C)[C@H](O)[C@@]1(C)O,1.0,training
CCCN[C@H]1CCc2nc(N)sc2C1,1.0,training
Cc1nc2n(c(=O)c1CCN1CCC(c3noc4cc(F)ccc34)CC1)CCCC2O,1.0,training
Cc1nsc(NS(=O)(=O)c2ccc(N)cc2)c1C,1.0,training
CC[N+](C)(C)c1cccc(O)c1,0.0,training
CCN(CC)CCNC(=O)c1cc(Cl)c(N)cc1OC,1.0,training
C[C@H](Cc1ccc(O)cc1)N[C@@H](O)Cc1cc(O)cc(O)c1,0.0,training
COc1cc2nc(N(C)CCCNC(=O)C3CCCO3)nc(N)c2cc1OC,1.0,training
CCCCCOC(=O)Nc1nc(=O)n([C@@H]2O[C@H](C)[C@@H](O)[C@H]2O)cc1F,1.0,training
CC(C)(C)S(=O)(=O)CC(Cc1ccccc1)C(=O)NC(Cc1c[nH]cn1)C(=O)N[C@H](CC1CCCCC1)[C@H](O)[C@H](O)C1CC1,0.0,training
CO[C@H]1C[C@H](n2cnc3c(N)cc(Cl)cc32)O[C@@H]1CO,1.0,training
CCOC(=O)C(C)CC(C)C(=O)N1c2ccccc2CC1C(=O)O,1.0,training
COc1cccc2c(O)c3c(c(O)c12)C(=O)C1=C(C[C@@](O)(C(=O)CO)C[C@@H]1O[C@@H]1C[C@H](N)[C@H](O)[C@H](C)O1)C3=O,0.0,training
CCOC(=O)C(CCc1ccccc1)NC(C)C(=O)N1CCCC1C(=O)O,1.0,training
Cc1ccc(C(=O)Nc2ccc(S(=O)(=O)O)c3cc(S(=O)(=O)O)cc(S(=O)(=O)O)c23)cc1NC(=O)c1cccc(NC(=O)Nc2cccc(C(=O)Nc3cc(C(=O)Nc4ccc(S(=O)(=O)O)c5cc(S(=O)(=O)O)cc(S(=O)(=O)O)c45)ccc3C)c2)c1,0.0,training
CCCc1nc(C)c2c(=O)[nH]c(-c3cc(S(=O)(=O)N4CCN(CC)CC4)ccc3OCC)nn12,0.0,training
CC(NC(CCc1ccccc1)C(=O)O)C(=O)N1c2ccccc2CCC1C(=O)O,1.0,training
CO[C@H]1/C=C/O[C@@]2(C)Oc3c(C)c(O)c4c(O)c(c(C=NN5CCN(C6CCCC6)CC5)c(O)c4c3C2=O)NC(=O)C(C)=CC=CC(C)[C@H](O)[C@@H](C)[C@@H](O)[C@@H](C)[C@H](OC(C)=O)[C@@H]1C,1.0,training
CSCC(NC(=O)COc1nccc2ccccc12)C(=O)NC(Cc1ccccc1)C(O)C(=O)N1CSCC1C(=O)NC(C)(C)C,1.0,training
CC1(C)S[C@@H]2C(NC(=O)C(N)c3ccc(O)cc3)C(=O)N2C1C(=O)O,1.0,training
CCCNC(=O)NS(=O)(=O)c1ccc(Cl)cc1,1.0,training
CC(=O)C[C@H](c1ccccc1)c1c(O)c2ccccc2oc1=O,1.0,training
C[C@H](CCC(=O)O)[C@H]1CC[C@H]2[C@@H]3[C@H](O)C[C@@H]4C[C@H](O)CC[C@]4(C)[C@H]3CC[C@]12C,1.0,training
NS(=O)(=O)c1cc2c(cc1Cl)NC(C(Cl)Cl)NS2(=O)=O,1.0,training
CC(=O)O[C@H]1C[C@@H]2CC[C@@H]3[C@H](CC[C@@]4(C)[C@H]3C[C@H]([N+]3(C)CCCCC3)[C@@H]4OC(C)=O)[C@@]2(C)C[C@@H]1N1CCCCC1,0.0,training
CCC(=O)C(C[C@@H](C)N(C)C)(c1ccccc1)c1ccccc1,1.0,training
OCCN1CCN(CCCN2c3ccccc3Sc3ccc(C(F)(F)F)cc32)CC1,0.0,training
CC(=O)NC(CS)C(=O)O,0.0,training
CC(C)NC[C@H](O)c1cc(O)cc(O)c1,1.0,training
NC[C@@H](O)c1cccc(O)c1,0.0,training
CCCC[N+]1(C)C2CC(OC(=O)C(CO)c3ccccc3)CC1C1OC12,0.0,training
O=[N+]([O-])OC[C@@H](O)CO,1.0,training
NC(C(=O)NC1C(=O)N2C(C(=O)O)=C(Cl)CS[C@H]12)c1ccccc1,1.0,training
COC(=O)C1[C@H]2CC[C@@H](C[C@H]1OC(=O)c1ccccc1)N2C,1.0,training
CC(=O)C1CC[C@H]2C3=CC=C4CC(=O)CC[C@]4(C)[C@H]3CC[C@]12C,1.0,training
O=C(O)COCCN1CCN([C@H](c2ccccc2)c2ccc(Cl)cc2)CC1,1.0,training
O=C(CCCCCCC(O)=NO)Nc1ccccc1,1.0,training
C#C[C@]1(O)C=C[C@H]2[C@@H]3CC=C4CC(=O)CCC4[C@H]3CC[C@]21CC,1.0,training
N=C1CCN([C@@H]2CS[C@H](CO)O2)C(=O)N1,1.0,training
CN=C1C[N+]([O-])=C(c2ccccc2)c2cc(Cl)ccc2N1,1.0,training
O=C1CC2(CCCC2)CC(=O)N1CCCCN1CCN(c2ncccn2)CC1,0.0,training
COCCCOc1ccnc(C[S+]([O-])c2nc3ccccc3[nH]2)c1C,1.0,training
CC[N+](C)(C)Cc1ccccc1Br,1.0,training
CC1(C)S[C@@H]2C(NC(=O)C(C(=O)O)c3ccccc3)C(=O)N2C1C(=O)O,1.0,training
CN(C(=O)C(Cl)Cl)c1ccc(O)cc1,1.0,training
O=c1[nH]c(O)cn1/N=C/c1ccc([N+](=O)[O-])o1,1.0,training
NC(Cc1ccc(N(CCCl)CCCl)cc1)C(=O)O,1.0,training
NCCC(O)C(=O)N[C@@H]1C[C@H](N)[C@@H](O[C@H]2O[C@H](CN)CC[C@H]2N)[C@H](O)[C@H]1O[C@H]1O[C@H](CO)[C@@H](O)[C@H](N)[C@H]1O,0.0,training
CNC(=O)c1cccc2c(Nc3ccc(NS(C)(=O)=O)cc3OC)c3cccc(C)c3nc12,1.0,training
O=C(OC1C[C@@H]2CC3C[C@H](C1)N2CC3=O)c1c[nH]c2ccccc12,1.0,training
CC1=C2CC(=O)C=C[C@]2(C)[C@@H]2[C@@H](C1)[C@@H]1CC[C@](O)(C(=O)CO)[C@@]1(C)C[C@@H]2O,1.0,training
CS(=O)(=O)OC[C@@H](O)[C@@H](O)COS(C)(=O)=O,1.0,training
O=C(NCCO[N+](=O)[O-])c1cccnc1,1.0,training
CCC1C(=O)OCc2c1cc1n(c2=O)Cc2c-1nc1cc3c(cc1c2CN1CCN(C)CC1)OCCO3,0.0,training
Nc1nc(=O)c2nc(CNc3ccc(C(=O)NC(CCC(=O)O)C(=O)O)cc3)cnc2[nH]1,1.0,training
CCOC(=O)C(CCc1ccccc1)NC(C)C(=O)N1Cc2cc(OC)c(OC)cc2CC1C(=O)O,0.0,training
C#C[C@]1(O)CC[C@H]2[C@@H]3CC[C@H]4CC(=O)CCC4=C3[C@@H](c3ccc(N(C)C)cc3)C[C@@]21C,1.0,training
C[C@H](Cn1cnc2c(N)ncnc21)OCP(=O)(O)O,1.0,training
CCC(C)C(=O)O[C@H]1C[C@H](O)C=C2C=C[C@H](C)[C@H](CC[C@@H](O)C[C@@H](O)CC(=O)O)[C@H]21,0.0,training
OCCN1CCN(CC/C=C2\c3ccccc3Sc3ccc(C(F)(F)F)cc32)CC1,1.0,training
Nc1nc(C(CCC(=O)O)C(=O)N=C2C(=O)N3C(C(=O)O)=CCS[C@H]23)cs1,1.0,training
O=P(O)(O)C(Sc1ccc(Cl)cc1)P(=O)(O)O,0.0,training
Cc1onc(-c2ccccc2)c1-c1ccc(S(N)(=O)=O)cc1,1.0,training
NC(=O)CCCN=C(c1ccc(Cl)cc1)c1cc(F)ccc1O,1.0,training
CNC(=O)c1cc(Oc2ccc(NC(=O)Nc3ccc(Cl)c(C(F)(F)F)c3)cc2)ccn1,1.0,training
Cc1nc(C)c2c(n1)N(Cc1ccc(-c3ccccc3-c3nn[nH]n3)cc1)C(=O)CC2,1.0,training
C[C@]12CC[C@H]3c4ccc(O)cc4CC[C@@H]3[C@@H]1CC[C@@H]2O,0.0,training
O=C(O)CCCC[C@@H]1CCSS1,1.0,training
O=C1C(CCC(O)c2ccc(F)cc2)C(c2ccc(O)cc2)N1c1ccc(F)cc1,1.0,training
Oc1ccc(C2CNCCc3c2cc(O)c(O)c3Cl)cc1,0.0,training
O=C1N=C(c2ccccc2Cl)c2cc(Cl)ccc2NC1O,1.0,training
OC[C@H](S)CS,0.0,training
COC(=O)C1C(C)=NC(C)=C(OC(C)=O)[C@@H]1c1ccccc1[N+](=O)[O-],1.0,training
N=C(N)NCC1COC2(CCCCC2)O1,1.0,training
NC(=O)N1c2ccccc2[C@H]2O[C@H]2c2ccccc21,1.0,training
Cc1nnc(SCC2=C(C(=O)O)N3C(=O)C(NC(=O)Cn4cnnn4)[C@H]3SC2)s1,0.0,training
CN(C)CCC=C1c2ccccc2C=Cc2ccccc21,1.0,training
COc1ccc2c3c1OC1C(=O)CC[C@@]4(O)[C@@H](C2)N(C)CC[C@]314,1.0,training
CC1(C)S[C@H]2C(/N=C/N3CCCCCC3)C(=O)N2C1C(=O)O,0.0,training
Cc1cnc(C(=O)O)c[n+]1[O-],1.0,training
O=C1c2cccc3c2[C@H](CCC3)CN1[C@@H]1CN2CCC1CC2,1.0,training
CCCCCCCCCC(=O)NC(Cc1c[nH]c2ccccc12)C(=O)NC(CC(N)=O)C(=O)NC(CC(=O)O)C(=O)NC1C(=O)NCC(=O)NC(CCCN)C(=O)NC(CC(=O)O)C(=O)NC(C)C(=O)NC(CC(=O)O)C(=O)NCC(=O)NC(CO)C(=O)NC([C@H](C)CC(=O)O)C(=O)NC(CC(=O)c2ccccc2N)C(=O)O[C@@H]1C,0.0,training
COc1nc(N)nc2c1ncn2[C@@H]1O[C@H](CO)[C@@H](O)[C@@H]1O,0.0,training
CC[C@H]1OC(=O)C(C)[C@@H](O[C@H]2C[C@@](C)(OC)[C@@H](O)[C@H](C)O2)[C@H](C)[C@@H](O[C@@H]2O[C@H](C)C[C@H](N(C)C)[C@H]2O)[C@](C)(O)C[C@@H](C)CN(C)[C@H](C)[C@@H](O)[C@]1(C)O,1.0,training
C#C[C@]1(O)CC[C@H]2[C@@H]3CC=C4CC(=O)CCC4[C@H]3CC[C@@]21CC,1.0,training
CN1[C@@H]2CC(OC(=O)C(CO)c3ccccc3)C[C@@H]1[C@H]1O[C@H]12,1.0,training
Nc1ncnc2c1ncn2CCOCP(=O)(O)O,0.0,training
c1ccc([C@H]2CN3CCSC3=N2)cc1,1.0,training
CC(C)(Cc1c[nH]c2ccccc12)NC[C@@H](O)COc1ccccc1C#N,1.0,training
CC(C(=O)O)c1cccc(C(=O)c2ccccc2)c1,1.0,training
N#CCCN1C(=O)C(O)N=C(c2ccccc2F)c2cc(Cl)ccc21,1.0,training
COc1ccc2c3c1O[C@H]1C[C@@H](O)C=C[C@@]31CCN(C)C2,1.0,training
CCC[C@@H](C)C1(CC)C(=O)NC(=O)NC1=O,1.0,training
O=P1(NCCCl)OCCCN1CCCl,1.0,training
CCC(=O)O[C@]1(C(=O)SCF)[C@H](C)C[C@H]2[C@@H]3C[C@H](F)C4=CC(=O)C=C[C@]4(C)[C@@]3(F)[C@@H](O)C[C@@]21C,0.0,training
C[C@@H]1CN(c2c(F)c(N)c3c(=O)c(C(=O)O)cn(C4CC4)c3c2F)C[C@H](C)N1,1.0,training
CNC[C@H](O)CC12CCC(c3ccccc31)c1ccccc12,1.0,training
C[C@]12CC[C@H]3[C@@H](CC=C4CC(=O)CC[C@@]43C)[C@@H]1CC[C@@H]2O,0.0,training
CC(=O)Oc1ccc2c3c1O[C@H]1[C@@H](OC(C)=O)C=C[C@H]4[C@@H](C2)N(C)CCC[C@@]341,0.0,training
C[C@@H](CN1CCN(CCOCCO)CC1)CN1c2ccccc2Sc2ccccc21,0.0,training
Cc1cc2c(OC[C@@H](O)CNC(C)C)cccc2[nH]1,1.0,training
Nc1c2c(nc3ccccc13)CCCC2,0.0,training
Cn1c(=O)c2[nH]cnc2n(C)c1=O,1.0,training
CN(C)CCCN1c2ccccc2CCc2ccccc21,1.0,training
O=C(CCCN1CCC(O)(c2cccc(Cl)c2)CC1)c1ccc(F)cc1,1.0,training
CNC[C@H](O)c1cccc(O)c1,1.0,training
CN(C)C1C(=O)C(C(N)=O)C(=O)[C@@]2(O)C(=O)C3C(=O)c4c(O)cccc4[C@@](C)(O)[C@@H]3C[C@@H]12,1.0,training
O=C1NCCN1CCN1CCC(c2cn(-c3ccc(F)cc3)c3ccc(Cl)cc23)CC1,1.0,training
C#C[C@]1(O)CC[C@H]2[C@@H]3CC=C4CC(=O)CCC4[C@H]3C=C[C@@]21CC,1.0,training
COCc1c(-c2ccc(F)cc2)c(=CC[C@@H](O)C[C@@H](O)CC(=O)O)c(C(C)C)nc1=C(C)C,1.0,training
CN(C)CCCOC1(Cc2ccccc2)CCCCCC1,1.0,training
O=C(O)C(=O)O,0.0,training
COC(=O)C1=C(C)N=C(C)C(C(=O)OC(C)(C)CN(C)CCC(c2ccccc2)c2ccccc2)C1c1cccc([N+](=O)[O-])c1,0.0,training
O=C1NCC2(CCN(CCc3ccccc3)CC2)O1,1.0,training
CN1CCN2c3ccccc3Cc3ccccc3[C@H]2C1,1.0,training
O=C1c2ccccc2C(=O)C1c1ccccc1,1.0,training
C[C@H]1O[C@@H](O[C@H]2[C@@H](O)C[C@H](O[C@H]3[C@@H](O)C[C@H](O[C@H]4CC[C@@]5(C)[C@H](CC[C@@H]6[C@@H]5C[C@@H](O)[C@]5(C)[C@@H](C7=CC(=O)OC7)CC[C@]65O)C4)O[C@@H]3C)O[C@@H]2C)C[C@H](O)[C@@H]1O,1.0,training
Nc1cc(-c2ccncc2)c[nH]c1=O,1.0,training
N=C(N=C(N)NCCCCCCN=C(N)N=C(N)Nc1ccc(Cl)cc1)Nc1ccc(Cl)cc1,0.0,training
COC(=O)C1[C@@H]2CC3c4[nH]c5c(OC)cccc5c4CCN3C[C@H]2C[C@H](OC(=O)c2cc(OC)c(OC)c(OC)c2)[C@H]1OC,1.0,training
CN1[C@@H]2CC[C@H]1CC(OC(=O)C(CO)c1ccccc1)C2,1.0,training
CCC1=C[C@H]2CN(C1)Cc1c([nH]c3ccccc13)[C@@](C(=O)OC)(c1cc3c(cc1OC)N(C)[C@H]1[C@@](O)(C(=O)OC)[C@H](OC(C)=O)[C@]4(CC)C=CCN5CC[C@]31[C@@H]54)C2,1.0,training
CC(=O)Oc1ccccc1C(=O)O,1.0,training
CN1C(=O)CN=C(c2ccccc2F)c2cc([N+](=O)[O-])ccc21,1.0,training
C=C1/C(=C\C=C2/CCC[C@]3(C)[C@@H]([C@H](C)/C=C/[C@@H](O)C4CC4)CC[C@@H]23)C[C@@H](O)C[C@@H]1O,0.0,training
CCCC[C@](C)(O)C/C=C\[C@@H]1C(CCCCCCC(=O)OC)C(=O)C[C@H]1O,1.0,training
C[C@@H]1O[C@@H](O[C@H]2C[C@@H](O)[C@]3(CO)[C@H]4[C@H](O)C[C@]5(C)[C@@H](C6=CC(=O)OC6)CC[C@]5(O)[C@@H]4CC[C@]3(O)C2)[C@H](O)[C@H](O)[C@H]1O,0.0,training
C=CCC1=CC(C)C[C@H](C)C[C@H](OC)[C@H]2O[C@@](O)(C(=O)C(=O)N3CCCCC3C(=O)O[C@H](/C(C)=C/[C@@H]3CC[C@@H](O)[C@H](OC)C3)[C@H](C)[C@@H](O)CC1=O)[C@H](C)C[C@@H]2OC,1.0,training
C[C@H]1CN(c2cc3c(cc2F)c(=O)c(C(=O)O)cn3-c2ccc(F)cc2F)CCN1,1.0,training
Cc1ncc([N+](=O)[O-])n1CCO,1.0,training
CC[C@H](NC(C)C)[C@H](O)c1ccc(O)c2[nH]c(=O)ccc12,1.0,training
CN1CC(C(=O)N[C@@]2(C)O[C@]3(O)[C@H]4CCCN4C(=O)C(Cc4ccccc4)N3C2=O)C[C@@H]2c3cccc4[nH]cc(c34)C[C@@H]21,0.0,training
C[N+]1(CC2CC2)[C@@H]2CC(OC(=O)C(CO)c3ccccc3)C[C@H]1[C@H]1O[C@H]12,0.0,training
CN1C(=O)CCS(=O)(=O)C1c1ccc(Cl)cc1,1.0,training
CN1C[C@H](CNC(=O)OCc2ccccc2)C[C@@H]2c3cccc4c3c(cn4C)C[C@H]21,1.0,training
CCC(C)(C)C1C(=O)N2CCCC2C2(O)OC(NC(=O)C3CC4c5cccc6[nH]cc(c56)CC4N(C)C3)(C(C)C)C(=O)N12,1.0,training
CN(C)c1ccc(CSCCNC(=O)c2ccc[n+]([O-])c2)o1,1.0,training
O=P(O)(O)C(Cl)(Cl)P(=O)(O)O,0.0,training
O=C(O)C(S)C(S)C(=O)O,1.0,training
COc1ccc2[nH]cc(CCNC(C)=O)c2c1,0.0,training
C[C@H](N)Cc1ccccc1,1.0,training
CC(=O)OCC1=C(C(=O)O)N2C(=O)C(NC(=O)CC#N)[C@H]2SC1,0.0,training
CC(C)Cc1ccc(C(C)C(=O)O)cc1,1.0,training
CN1C(=O)C(O)N=C(c2ccccc2)c2cc(Cl)ccc21,1.0,training
CS(=O)(=O)c1ccc2c(c1)N(CCCN1CCC(C(N)=O)CC1)c1ccccc1S2,1.0,training
O=c1n(CCCN2CCN(c3cccc(Cl)c3)CC2)nc2ccccn12,1.0,training
CC(C)(Sc1cc(C(C)(C)C)c(O)c(C(C)(C)C)c1)Sc1cc(C(C)(C)C)c(O)c(C(C)(C)C)c1,0.0,training
CN1CCC[C@@H]1CCO[C@@](C)(c1ccccc1)c1ccc(Cl)cc1,1.0,training
COc1ccccc1OCCNC[C@@H](O)c1ccc(C)cc1S(N)(=O)=O,1.0,training
NC(=O)N1c2ccccc2C=Cc2ccccc21,1.0,training
O=c1[nH]cc(F)c(=O)[nH]1,1.0,training
COc1cccc(OC)c1C(=O)NC1C(=O)N2C(C(=O)O)C(C)(C)S[C@H]12,0.0,training
CC1(C)S[C@H]2C(=NC(=O)C(N=[N+]=[N-])C3[C+]=CCC=C3)C(=O)N2C1C(=O)O,1.0,training
CC(=O)O[C@H]1C[C@@H](O[C@H]2[C@@H](O)C[C@@H](O[C@H]3[C@@H](O)C[C@H](O[C@H]4CC[C@@]5(C)[C@H](CC[C@@H]6[C@@H]5CC[C@]5(C)[C@@H](C7=CC(=O)OC7)CC[C@]65O)C4)O[C@@H]3C)O[C@@H]2C)O[C@H](C)[C@H]1O,1.0,training
O=P(O)(O)C(NC1CCCCCC1)P(=O)(O)O,0.0,training
Cc1cccc(C)c1NC(=O)C(C)N,1.0,training
CC(COc1ccccc1)N(CCCl)Cc1ccccc1,1.0,training
CC(C)(C)N1CCC(c2ccccc2)(c2ccccc2)CC1,1.0,training
C=C(N(CC)CC)C1(c2ccccc2)CC1CN,1.0,training
O=C(NC1CCN(CCc2c[nH]c3ccccc23)CC1)c1ccccc1,0.0,training
Cn1c2c(c3ccccc31)C(=O)C(Cn1ccnc1)CC2,1.0,training
O=C(O[C@H]1CN2CCC1CC2)N1CCc2ccccc2[C@@H]1c1ccccc1,1.0,training
CCOC(=O)C1(c2ccccc2)CCN(C)CC1,1.0,training
O=c1[nH]c(O)cn1/N=C/c1ccc(-c2ccc([N+](=O)[O-])cc2)o1,1.0,training
CCCc1cc(=O)[nH]c(=S)[nH]1,1.0,training
C[C@H]1COc2c(N3CCN(C)CC3)c(F)cc3c(=O)c(C(=O)O)cn1c23,1.0,training
CCCN(CCC)S(=O)(=O)c1ccc(C(=O)O)cc1,1.0,training
C#CCN[C@@H]1CCc2ccccc21,1.0,training
Cc1nc(Nc2ncc(C(=O)Nc3c(C)cccc3Cl)s2)cc(N2CCN(CCO)CC2)n1,0.0,training
COC(=O)C1[C@H](O)OC[C@@H]2CN3CCc4c([nH]c5ccccc45)[C@H]3C[C@@H]12,1.0,training
CC(C)N1CCC(N(C(=O)Cc2ccccc2)c2ccc(Cl)cc2)CC1,1.0,training
NS(=O)(=O)Cc1noc2ccccc12,1.0,training
CC(C)CN(C[C@@H](O)[C@H](Cc1ccccc1)NC(=O)O[C@H]1CO[C@H]2OCC[C@H]21)S(=O)(=O)c1ccc(N)cc1,1.0,training
CNS(=O)(=O)Cc1ccc2[nH]cc(CCCN3CCN(c4ncncc4OC)CC3)c2c1,0.0,training
Cc1oncc1C(=O)Nc1ccc(C(F)(F)F)cc1,1.0,training
O=C(NCCNC[C@@H](O)COc1ccc(O)cc1)N1CCOCC1,0.0,training
CON=C(C(=O)NC1C(=O)N2C(C(=O)O)=C(COC(N)=O)CS[C@H]12)c1ccco1,1.0,training
N#Cc1ccc(C(c2ccc(C#N)cc2)n2cncn2)cc1,1.0,training
C[C@H]1[C@@H](O)[C@H](C)/C=C/C=C/C=C/C=C/C=C/C=C/C=C\[C@@](O)(O[C@H]2O[C@@H](C)[C@H](O)[C@@H](N)[C@@H]2O)C[C@H]2O[C@@](O)(C[C@H](O)C[C@H](O)[C@@H](O)CC[C@H](O)C[C@H](O)CC(=O)O[C@@H]1C)C[C@H](O)C2C(=O)O,0.0,training
CC1(C)S[C@@H]2[C@H](NC(=O)C(C(=O)O)c3ccsc3)[C@H](O)N2C1C(=O)O,0.0,training
CCC(C(=O)O)c1ccc(N2Cc3ccccc3C2=O)cc1,1.0,training
Clc1ccc([C@@H](c2ccccc2Cl)C(Cl)Cl)cc1,1.0,training
CCN(C(C)=O)c1cccc(-c2ccnc3c(C#N)cnn23)c1,1.0,training
CC1(C)NC(=O)N(c2ccc([N+](=O)[O-])c(C(F)(F)F)c2)C1=O,1.0,training
C#C[C@]1(O)CC[C@H]2[C@@H]3CCC4=CCCC[C@@H]4[C@H]3C(=C)C[C@@]21CC,0.0,training
NC(C(=O)NC1C(=O)N2C(C(=O)O)=C(CSc3c[nH]nn3)CS[C@H]12)c1ccc(O)cc1,1.0,training
C[C@H]1CN(CC(Cc2ccccc2)C(=O)NCC(=O)O)CC[C@@]1(C)c1cccc(O)c1,0.0,training
NNc1nncc2ccccc12,1.0,training
CC(=O)OCC1=C(C(=O)O)N2C(=O)C(NC(=O)Cc3cccs3)[C@H]2SC1,0.0,training
CCN(CC)CCOC(=O)c1ccc(N)cc1,0.0,training
O=[N+]([O-])O[C@H]1CO[C@H]2[C@@H]1OC[C@@H]2O[N+](=O)[O-],1.0,training
Clc1ccc(C(Cn2ccnc2)OCc2csc3c(Cl)cccc23)c(Cl)c1,0.0,training
CC(C)N[C@@H](O)c1ccc(O)c(O)c1,0.0,training
CC(=O)CCCCn1c(=O)c2c(ncn2C)n(C)c1=O,1.0,training
CCc1nn(CCCN2CCN(c3cccc(Cl)c3)CC2)c(=O)n1CCOc1ccccc1,1.0,training
CC(C)(ON=C(C(=O)NC1C(=O)N2C(C(=O)O)=C(C[n+]3ccccc3)CS[C@H]12)c1csc(N)n1)C(=O)O,0.0,training
CCOC(=O)C1=CC(OC(CC)CC)C(NC(C)=O)C(N)C1,1.0,training
OC1(c2ccc(Cl)cc2)c2ccccc2C2=NCCN21,1.0,training
CSc1ccc2c(c1)N(CC[C@@H]1CCCCN1C)c1ccccc1S2,1.0,training
CC1(C)O[C@@H]2C[C@H]3[C@@H]4C[C@H](F)C5=CC(=O)C=C[C@]5(C)[C@H]4[C@@H](O)C[C@]3(C)[C@]2(C(=O)CO)O1,0.0,training
CCOC(=O)Nc1c[n+](N2CCOCC2)no1,1.0,training
CC(C)COC[C@@H](CN1CCCC1)N(Cc1ccccc1)c1ccccc1,1.0,training
CCCCc1oc2ccccc2c1C(=O)c1cc(I)c(OCCN(CC)CC)c(I)c1,1.0,training
O=S(=O)(O)O[C@@H]1[C@@H](OS(=O)(=O)O)[C@H](O[C@@H]2CO[C@@H](O)[C@H](OS(=O)(=O)O)[C@H]2OS(=O)(=O)O)OC[C@H]1O,0.0,training
CC(C)(C)NC(=O)C1CN(Cc2cccnc2)CCN1C[C@@H](O)CC(Cc1ccccc1)C(=O)N[C@H]1c2ccccc2C[C@H]1O,1.0,training
C[C@@](N)(Cc1ccc(O)c(O)c1)C(=O)O,1.0,training
CC(O)(P(=O)(O)O)P(=O)(O)O,0.0,training
CC(C)NC[C@@H](O)COc1ccc(CCOCC2CC2)cc1,1.0,training
CC1=C(C(=O)O)N2C(=O)C(NC(=O)C(N)c3ccc(O)cc3)[C@H]2SC1,1.0,training
CCOC(=O)C(CCc1ccccc1)NC(C)C(=O)N1CC2(CC1C(=O)O)SCCS2,1.0,training
COc1ccc2c(c1)c(CC(=O)O)cn2C(=O)c1ccc(Cl)cc1,1.0,training
CN(C)C(=O)C(CCN1CCC(O)(c2ccc(Cl)cc2)CC1)(c1ccccc1)c1ccccc1,1.0,training
OC[C@H]1O[C@@H](O[C@@H]2[C@@H](CO)O[C@@](O)(CO)[C@H]2O)[C@H](O)[C@@H](O)[C@H]1O,0.0,training
CCc1cccc2c1N[C@@H]1[C@@H]2CCOC1(CC(=O)O)CC(=O)O,1.0,training
O=C(O)Cc1ccccc1Nc1ccc(Cl)cc1Cl,1.0,training
O=c1[nH]c2ccccc2n1C1CCN(CCC(c2ccc(F)cc2)c2ccc(F)cc2)CC1,1.0,training
O[C@](CCN1CCCCC1)(c1ccccc1)C1CCCCC1,1.0,training
Cc1ncsc1CCCl,1.0,training
CN(C)S(=O)(=O)c1ccc2c(c1)N(CCCN1CCC(CCO)CC1)c1ccccc1S2,1.0,training
CCN1CCC[C@H]1CNC(=O)c1c(OC)ccc(Br)c1OC,1.0,training
C[N+](C)(C)CCOC(=O)CCC(=O)OCC[N+](C)(C)C,0.0,training
C#C[C@]1(O)CC[C@@H]2[C@H]3CCC4=CCCC[C@H]4[C@@H]3CC[C@@]21C,1.0,training
Cc1ccc(C(=O)c2ccc(CC(=O)O)n2C)cc1,1.0,training
CCOC(=O)CNC(C(=O)N1CCC1C(=O)NCc1ccc(C(N)=NO)cc1)C1CCCCC1,1.0,training
CCOc1ccccc1OC[C@H]1COCCN1,1.0,training
CCCC(=O)N(C(C)=O)c1ccc(OC[C@H](O)CNC(C)C)c(C(C)=O)c1,1.0,training
Nc1c(Br)cc(Br)cc1CNC1CCC(O)CC1,1.0,training
COc1ccc2c3c1OC1C(=O)CC[C@H]4[C@@H](C2)N(C)CC[C@]314,1.0,training
C=C[C@@H](N)CCC(=O)O,1.0,training
C[S+](CCC(N)C(=O)O)C[C@H]1O[C@@H](n2cnc3c(N)ncnc32)[C@H](O)[C@@H]1O,0.0,training
CCOc1nc2cccc(C(=O)O)c2n1Cc1ccc(-c2ccccc2-c2nn[nH]n2)cc1,1.0,training
C#C[C@]1(O)CC[C@H]2[C@@H]3CCc4cc(O)ccc4[C@H]3CC[C@@]21C,1.0,training
C[C@H]1C[C@H]2[C@@H]3CC=C4CC(=O)C=C[C@]4(C)[C@@]3(F)[C@@H](O)C[C@]2(C)[C@@]1(O)C(=O)CO,1.0,training
C[C@H]1O[C@H](O[C@H]2[C@H](O)[C@@H](O)[C@@H](O[C@H]3[C@H](O)[C@@H](O)[C@H](O)O[C@@H]3CO)O[C@@H]2CO)[C@H](O)[C@@H](O)[C@@H]1N[C@H]1C=C(CO)[C@@H](O)[C@H](O)[C@H]1O,0.0,training
Nc1ncnc2c1ncn2[C@@H]1O[C@H](CO)[C@@H](O)[C@@H]1O,0.0,training
COc1cc(OC)c(C(=O)CCCN2CCCC2)c(OC)c1,1.0,training
Cc1ccc(C(=O)c2cc(O)c(O)c([N+](=O)[O-])c2)cc1,1.0,training
CC[C@]1(O)C[C@@H]2CN(CCc3c([nH]c4ccccc34)[C@@](C(=O)OC)(c3cc4c(cc3OC)N(C)[C@H]3[C@@](O)(C(=O)OC)[C@H](OC(C)=O)[C@]5(CC)C=CCN6CC[C@]43[C@@H]65)C2)C1,0.0,training
CC(C)(C)NC[C@H](O)c1ccc(O)c(C(=O)O)c1,1.0,training
Cc1nc2c([nH]1)-c1ccccc1N(C(=O)c1ccc(NC(=O)c3ccccc3-c3ccccc3)cc1)CC2,1.0,training
CN1C(=O)CC[C@H]1c1cccnc1,1.0,training
CCN1CC[C@H](CNC(=O)c2cc(S(N)(=O)=O)ccc2OC)C1,1.0,training
C[C@H](NCCc1ccc(O)cc1)[C@H](O)c1ccc(O)cc1,1.0,training
O=C(C1CCCCC1)N1CC(=O)N2CCc3ccccc3[C@@H]2C1,0.0,training
O[C@H](CNC[C@@H](O)[C@H]1CCc2cc(F)ccc2O1)[C@@H]1CCc2cc(F)ccc2O1,1.0,training
CCCN1C[C@@H](NS(=O)(=O)N(CC)CC)C[C@@H]2Cc3c(O)cccc3C[C@H]21,1.0,training
C=CC1=C(C(=O)O)N2C(=O)C(=NC(=O)C(NC(=O)CC(=O)O)c3cnc(N)s3)[C@H]2SC1,1.0,training
CNS(=O)(=O)Cc1ccc2[nH]cc(CCN(C)C)c2c1,0.0,training
C[C@]12C=CC(=O)C=C1CC[C@@H]1C2C(=O)C[C@@]2(C)[C@H]1CC[C@]2(O)C(=O)CO,1.0,training
CCCCNC(=O)NS(=O)(=O)c1ccc(C)cc1,1.0,training
CC(C)NC[C@@H](O)COc1cccc2[nH]ccc12,1.0,training
CN(CCOc1ccc(NS(C)(=O)=O)cc1)CCc1ccc(NS(C)(=O)=O)cc1,1.0,training
COc1ccc2c(c1)[C@@]13CCCC[C@@H]1[C@@H](C2)N(C)CC3,0.0,training
CC1=C(CC(=O)O)c2cc(F)ccc2C1=Cc1ccc([S+](C)[O-])cc1,1.0,training
CCN(CC)C(=O)N[C@H]1C[C@@H]2c3cccc4[nH]cc(c34)C[C@H]2N(C)C1,1.0,training
Nc1ccn([C@H]2CC[C@@H](CO)O2)c(=O)n1,1.0,training
CCCCC(=O)OCC(=O)[C@]1(O)C=C2C(=O)c3c(c(O)c4c(OC)cccc4c3O)C(=O)C2[C@@H](OC2C[C@H](NC(=O)C(F)(F)F)C(O)C(C)O2)C1,0.0,training
CN(C)CCN(c1ccc(Cl)cc1)c1ccccn1,1.0,training
NCCCC(O)(P(=O)(O)O)P(=O)(O)O,0.0,training
C[C@]12CCC(=O)C=C1C1C[C@@H]1[C@H]1[C@@H]3[C@@H]4C[C@@H]4[C@@]4(CCC(=O)O4)[C@@]3(C)CC[C@@H]12,1.0,training
CN1C(C(=O)Nc2ccccn2)C(=O)c2ccccc2S1(=O)=O,1.0,training
Cc1nnc(C(C)C)n1C1C[C@H]2CC[C@@H](C1)N2CC[C@H](NC(=O)C1CCC(F)(F)CC1)c1ccccc1,1.0,training
CC(O)=NO,1.0,training
C[C@H](CN1c2ccccc2Sc2ccccc21)N(C)C,1.0,training
CC1=C(C(C)O)c2cc3nc(cc4[nH]c(cc5[nH]c(cc1n2)c(C)c5CCC(=O)O)c(CCC(=O)O)c4C)C(C(C)OC(C)C1=C(C)c2cc4[nH]c(cc5[nH]c(cc6nc(cc1n2)C(C)=C6C(C)O)c(C)c5CCC(=O)O)c(CCC(=O)O)c4C)=C3C,0.0,training
C[C@H]1Nc2ccccc2[C@@H]1NC(=O)c1ccc(Cl)cc1S(N)(=O)=O,1.0,training
N#Cc1ccccc1OC[C@H](O)CNCCNC(=O)Cc1ccc(O)cc1,0.0,training
Nc1nc(NC2CC2)c2ncn([C@H]3C=C[C@@H](CO)C3)c2n1,1.0,training
O=C(O)Cc1nn(-c2ccc(F)cc2)cc1-c1ccc(Cl)cc1,1.0,training
COc1ccc(CCN2CCC(Nc3nc4ccccc4n3Cc3ccc(F)cc3)CC2)cc1,0.0,training
O=C(c1ccccc1)c1ccc2n1CCC2C(=O)O,1.0,training
C#C[C@]1(O)CC[C@H]2[C@@H]3CCc4cc(O)ccc4[C@H]3[C@@H](OC)C[C@@]21C,1.0,training
CC(=O)OCC(CCn1cnc2cnc(N)nc21)COC(C)=O,1.0,training
CCOc1ccc2ccccc2c1C(=O)NC1C(=O)N2C(C(=O)O)C(C)(C)S[C@H]12,1.0,training
CCN(CC)CC(O)CNC(=O)c1c(OC)c2ccccc2n1-c1ccccc1,1.0,training
O=C(O)c1ccc(-n2nc(-c3ccccc3O)nc2-c2ccccc2O)cc1,1.0,training
CC12CC3CC(C)(C1)CC(N)(C3)C2,1.0,training
CC(C)(C)NC[C@H](O)COc1cccc2c1CCCC2=O,1.0,training
CN1[C@@H]2CC[C@H]1CC(OC(c1ccccc1)c1ccccc1)C2,1.0,training
Cc1ccsc1C(=CCCN1CCCC(C(=O)O)C1)c1sccc1C,1.0,training
CC(=O)S[C@@H]1C=C2CC(=O)CC[C@]2(C)[C@H]2CC[C@@]3(C)[C@@H](CC[C@@]34CCC(=O)O4)[C@H]12,1.0,training
COc1ccccc1OCC(O)CN1CCN(CC(=O)Nc2c(C)cccc2C)CC1,1.0,training
NC(Cc1cc(I)c(Oc2cc(I)c(O)c(I)c2)c(I)c1)C(=O)O,1.0,training
O=C1CCc2ccc(OCCCCN3CCN(c4cccc(Cl)c4Cl)CC3)cc2N1,1.0,training
CCC(C)C(=O)O[C@H]1C[C@@H](C)C=C2C=C[C@H](C)[C@H](CC[C@@H]3C[C@@H](O)CC(=O)O3)[C@@H]21,0.0,training
Cn1c(=O)c2c(ncn2CCCNC[C@H](O)c2cc(O)cc(O)c2)n(C)c1=O,1.0,training
CCOC(=O)Nc1ccc(NCc2ccc(F)cc2)nc1N,1.0,training
CCN(CC)CCNC(=O)c1cc(Br)c(N)cc1OC,1.0,training
COc1cc2nc(N3CCN(C(=O)C4CCCO4)CC3)nc(N)c2cc1OC,1.0,training
CCOCCn1c(N2CCCN(C)CC2)nc2ccccc21,1.0,training
C[C@H]1C(=NC(=O)C(NOC(C)(C)C(=O)O)c2csc(N)n2)C(=O)N1S(=O)(=O)O,0.0,training
CO[C@@H]1[C@@H](O[C@@H]2O[C@H](C)[C@@H](O[C@H]3C[C@@](C)(O)[C@@H](O)[C@H](C)O3)[C@H](N(C)C)[C@H]2O)[C@@H](CC=O)C[C@@H](C)[C@@H](O[C@@H]2CC[C@H](N(C)C)[C@@H](C)O2)/C=C/C=C/C[C@@H](C)OC(=O)C[C@H]1O,1.0,training
CCC[C@@H]1O[C@@H]2C[C@H]3[C@@H]4CC=C5CC(=O)C=C[C@]5(C)[C@H]4[C@@H](O)C[C@]3(C)[C@]2(C(=O)CO)O1,1.0,training
COc1ccc(C2(C#N)CCC(C(=O)O)CC2)cc1OC1CCCC1,1.0,training
Clc1ccccc1C(c1ccccc1)(c1ccccc1)n1ccnc1,0.0,training
S=C=Nc1cccc2ccccc12,1.0,training
CC(=O)c1ccc2c(c1)N(CCCN(C)C)c1ccccc1S2,1.0,training
CN(C)C/C=C(/c1ccc(Br)cc1)c1cccnc1,1.0,training
CN(C)CCC[C@@]1(c2ccc(F)cc2)OCc2cc(C#N)ccc21,1.0,training
O=C(O)c1cc(N=Nc2ccc(S(=O)(=O)Nc3ccccn3)cc2)ccc1O,0.0,training
Cc1ncc(C[n+]2csc(CCO)c2C)c(N)n1,0.0,training
Nc1ccc(S(=O)(=O)Nc2ncccn2)cc1,1.0,training
CN1CC(C(=O)N[C@]2(C)O[C@@]3(O)[C@@H]4CCCN4C(=O)C(Cc4ccccc4)N3C2=O)C=C2c3cccc4[nH]cc(c34)C[C@H]21,0.0,training
CCn1cc(C(=O)O)c(=O)c2cc(F)c(N3CCN[C@H](C)C3)c(F)c21,1.0,training
CC(C)(O)c1ccccc1CC[C@@H](SCC1(CC(=O)O)CC1)c1cccc(/C=C\c2ccc3ccc(Cl)cc3n2)c1,1.0,training
COc1ccc2c3c1O[C@H]1[C@@H](O)C=C[C@H]4[C@@H](C2)N(C)CC[C@@]341,1.0,training
C[C@]12COC(=O)C[C@@H]1CC[C@@H]1[C@@H]2CC[C@@]2(C)[C@H]1CC[C@]2(C)O,1.0,training
O=C(NCCN1CCOCC1)c1ccc(Cl)cc1,1.0,training
CCCc1nc2c(n1Cc1ccc(-c3ccccc3C(=O)O)cc1)=C[C@H](c1nc3ccccc3n1C)CC=2C,1.0,training
CCCC(CCC)C(=O)O,1.0,training
CC(C)(C)NC[C@@H](O)COc1ccc(NC(=O)NC2CCCCC2)cc1,1.0,training
CC1(C)S[C@H]2C(NC(=O)COc3ccccc3)C(=O)N2C1C(=O)O,1.0,training
COc1ccc2cc(C(C)C(=O)O)ccc2c1,1.0,training
CCC(OC(C)=O)C(CC(C)N(C)C)(c1ccccc1)c1ccccc1,1.0,training
NS(=O)(=O)c1cc2c(cc1C(F)(F)F)NCNS2(=O)=O,1.0,training
CN(CCCCCCN(C)C(=O)Oc1ccc[n+](C)c1)C(=O)Oc1ccc[n+](C)c1,0.0,training
CC(C)C1CCC(C(=O)NC(Cc2ccccc2)C(=O)O)CC1,1.0,training
CN1CCO[C@@H](c2ccccc2)c2ccccc2C1,1.0,training
O=S(=O)(O)CCS,1.0,training
C[N+]1(C)[C@@H]2CC(OC(=O)C(O)(c3cccs3)c3cccs3)C[C@H]1[C@@H]1O[C@@H]12,0.0,training
CC(S)C(=O)NCC(=O)O,1.0,training
N=C(N)NN=Cc1c(Cl)cccc1Cl,1.0,training
C[C@H]([C@@](O)(Cn1cncn1)c1ccc(F)cc1F)S(C)(=O)=O,1.0,training
COC(=O)C1=C(C#N)N=C(C)C(C(=O)OC(C)C)[C@@H]1c1cccc([N+](=O)[O-])c1,0.0,training
C[C@@H](CCc1ccc2c(c1)OCO2)NC[C@H](O)c1ccc(O)c(C(N)=O)c1,1.0,training
O=C1N=C(c2ccccc2)c2cc(Cl)ccc2NC1O,1.0,training
Nc1nc2ccc(OC(F)(F)F)cc2s1,1.0,training
CCN(CC)C(=S)SSC(=S)N(CC)CC,1.0,training
CN1C(=O)CN=C(c2ccccc2)c2cc(Cl)ccc21,1.0,training
Cn1c(=O)c2c(ncn2CCO)n(C)c1=O,1.0,training
NS(=O)(=O)c1cc(-c2nn[nH]n2)c(NCc2cccs2)cc1Cl,0.0,training
CN1CCC[C@@H]1Cc1c[nH]c2ccc(CCS(=O)(=O)c3ccccc3)cc12,1.0,training
CN[C@@H](C)[C@H](O)c1ccccc1,1.0,training
S=c1[nH]cnc2[nH]cnc12,0.0,training
CCC[C@@H]1CC(C(=O)N[C@@H]([C@H]2O[C@H](SC)[C@H](O)[C@@H](O)[C@H]2O)[C@H](C)O)N(C)C1,1.0,training
COC1=CC(=O)C[C@@H](C)[C@@]12Oc1c(Cl)c(OC)cc(OC)c1C2=O,1.0,training
OCCN(CCO)c1nc(N2CCCCC2)c2nc(N(CCO)CCO)nc(N3CCCCC3)c2n1,1.0,training
NC(=O)c1cnccn1,1.0,training
CCn1cc(C(=O)O)c(=O)c2cc(F)c(N3CCNCC3)cc21,1.0,training
Cc1cnc(NC(=O)C2C(=O)c3ccccc3S(=O)(=O)N2C)s1,1.0,training
CCN(CC)C(C)CN1c2ccccc2Sc2ccccc21,0.0,training
NC(=O)c1ncn([C@H]2O[C@H](CO)[C@@H](O)[C@H]2O)n1,1.0,training
O=C1CN=C(c2ccccc2Cl)c2cc([N+](=O)[O-])ccc2N1,1.0,training
CCCc1nn(C)c2c(=O)[nH]c(-c3cc(S(=O)(=O)N4CCN(C)CC4)ccc3OCC)nc12,1.0,training
COc1cc(NS(=O)(=O)c2ccc(N)cc2)nc(OC)n1,1.0,training
NNC(=O)NNN1C(=O)c2cc(S(=O)(=O)O)cc3c(N)c(S(=O)(=O)O)cc(c23)C1=O,0.0,training
CCc1[nH]c(=O)[nH]c1C(=O)c1ccncc1,1.0,training
CCN1CCC[C@H]1CNC(=O)c1cc(S(=O)(=O)CC)c(N)cc1OC,1.0,training
CC(C)(C)NC[C@H](O)COc1ccccc1C1CCCC1,1.0,training
CCN(CC)CC(=O)Nc1c(C)cccc1C,1.0,training
O=C(CCCN1CCC(n2c(=O)[nH]c3ccccc32)CC1)c1ccc(F)cc1,1.0,training
NC12CC3CC(CC(C3)C1)C2,1.0,training
Cc1nnc2n1-c1sc(Br)cc1C(c1ccccc1Cl)=NC2,1.0,training
COc1ccc(Cc2nccc3cc(OC)c(OC)cc23)cc1OC,1.0,training
CCCCNc1cc(C(=O)O)cc(S(N)(=O)=O)c1Oc1ccccc1,1.0,training
CCCCc1c(O)c(=O)n(-c2ccccc2)n1-c1ccccc1,1.0,training
CCN(CC)C(=O)N[C@H]1C=C2c3cccc4[nH]cc(c34)C[C@@H]2N(C)C1,0.0,training
CC(C)(C)c1ccc([C@H](O)CCCN2CCC(C(O)(c3ccccc3)c3ccccc3)CC2)cc1,0.0,training
Cc1cnc(C(=O)NCCc2ccc(S(=O)(=O)NC(=O)NC3CCCCC3)cc2)cn1,1.0,training
Cn1cnc([N+](=O)[O-])c1Sc1ncnc2[nH]cnc12,1.0,training
