smiles_standarized,label,group
[Pt+2],0.0,training
C=CC(Cl)=C(/C(Cl)=C/C)c1c(=O)ncn2nc(Sc3ccc(F)cc3F)ccc12,1.0,training
CN1CCC(=C2c3ccccc3CC(=O)c3sccc32)CC1,1.0,training
[Sr+2],0.0,training
CCOC(=O)C1=C(C)N=C(C)C(C(=O)OCC)C1c1ccccc1/C=C\C(=O)OC(C)(C)C,0.0,training
N,0.0,training
C=CC(Cl)=C(C(Cl)=CC)c1c(=O)ncn2nc(Sc3ccc(F)cc3F)ccc12,1.0,training
O,0.0,training
CN1CCC(c2c3ccccc3cc(=O)c3sccc23)CC1,1.0,training
CC[C@H]1OC(=O)C(C)[C@H](O[C@H]2C[C@@](C)(OC)[C@@H](O)[C@H](C)O2)[C@H](C)[C@@H](O[C@@H]2O[C@H](C)C[C@H](N(C)C)[C@H]2O)[C@](C)(O)C[C@@H](C)/C(=N\OCOCCOC)[C@H](C)[C@@H](O)[C@]1(C)O,0.0,training
C=C(c1ccc(C(=O)O)cc1)c1cc2c(cc1C)C(C)(C)CCC2(C)C,0.0,training
CC[C@@H](CO)NC(=O)C1C=C2c3cccc4[nH]cc(c34)C[C@H]2N(C)C1,0.0,training
Nc1ccc(S(=O)(=O)Nc2nccs2)cc1,0.0,training
CC(C)c1nc(CN(C)C(=O)NC(C(=O)N[C@@H](Cc2ccccc2)C[C@H](O)[C@H](Cc2ccccc2)NC(=O)OCc2cncs2)C(C)C)cs1,0.0,training
C=C(C)C1Cc2c(ccc3c2OC2COc4cc(OC)c(OC)cc4C2C3=O)O1,0.0,training
CCCCC(C)(O)C/C=C/[C@@H]1C(CCCCCCC(=O)OC)C(=O)C[C@H]1O,0.0,training
C[N+](C)(C)CCO,0.0,training
CNCCC(Oc1ccc(C(F)(F)F)cc1)c1ccccc1,1.0,training
Nc1nc(=O)c2ncn(CCC(CO)CO)c2[nH]1,0.0,training
O=C1NC(=O)[C@]2(CCOc3ccc(F)cc32)N1,0.0,training
C=C(CC)C(=O)c1ccc(OCC(=O)O)c(Cl)c1Cl,0.0,training
CN(C)CCC(c1ccccc1)c1ccccn1,0.0,training
CS(=O)(=O)c1ccc([C@@H](O)[C@@H](CO)NC(=O)C(Cl)Cl)cc1,0.0,training
COc1ccc(C[C@H](C)NC[C@H](O)c2ccc(O)c(NC=O)c2)cc1,0.0,training
c1ccc2c(CC3=NCCN3)cccc2c1,1.0,training
COc1ccc2c(c1OC)C(=O)O[C@@H]2[C@H]1c2c(cc3c(c2OC)OCO3)CCN1C,1.0,training
Clc1ccc(CSC(Cn2ccnc2)c2ccc(Cl)cc2Cl)cc1,1.0,training
CCC(=O)O[C@](Cc1ccccc1)(c1ccccc1)[C@H](C)CN(C)C,1.0,training
CCN(CC)CCOC(=O)C1(C2CCCCC2)CCCCC1,1.0,training
N[C@H]1C[C@@H]1c1ccccc1,0.0,training
O=c1[nH]c2cc(Cl)ccc2o1,0.0,training
C=CC1=C(C(=O)O)N2C(=O)C(NC(=O)C(=NO)c3csc(N)n3)[C@H]2SC1,0.0,training
CC(C)(Oc1ccc(C2CCCc3ccccc32)cc1)C(=O)O,0.0,training
Cc1cc(C(C)(C)C)c(O)c(C)c1CC1=NCCN1,1.0,training
CN(C)CC/C=C1\c2ccccc2COc2ccccc21,1.0,training
CC(O)(CS(=O)(=O)c1ccc(F)cc1)C(=O)Nc1ccc(C#N)c(C(F)(F)F)c1,0.0,training
Cc1cc(C)nc(NS(=O)(=O)c2ccc(N)cc2)n1,0.0,training
CC(C)(C)NCC(O)c1cc(Cl)c(N)c(Cl)c1,0.0,training
CN1CCc2cccc3c2[C@H]1Cc1ccc(O)c(O)c1-3,1.0,training
Nc1ccc(N)cc1,0.0,training
COCC1=C(C(=O)OC(C)OC(=O)OC(C)C)N2C(=O)C(=NC(=O)C(NOC)c3csc(N)n3)[C@H]2SC1,0.0,training
NCC1CCC(C(=O)Oc2ccc(CCC(=O)O)cc2)CC1,0.0,training
CC(C)(C(=O)O)c1ccc(C(O)CCCN2CCC(C(O)(c3ccccc3)c3ccccc3)CC2)cc1,0.0,training
CN1C(=O)OC(C)(C)C1=O,0.0,training
NS(=O)(=O)c1cc2c(cc1Cl)NCNS2(=O)=O,0.0,training
CC[C@@H](CO)NCCN[C@@H](CC)CO,0.0,training
CCC(=O)OCC(=O)[C@@]1(OC(=O)CC)[C@@H](C)C[C@H]2[C@@H]3CC=C4CC(=O)C=C[C@]4(C)[C@@]3(Cl)[C@@H](O)C[C@@]21C,1.0,training
C=C[C@H]1CN2CC[C@H]1C[C@@H]2[C@@H](O)c1ccnc2ccc(OC)cc12,1.0,training
O=c1[nH]c2ccccc2n1CCCN1CCN(C(c2ccccc2)c2ccccc2)CC1,1.0,training
CN1CC2CC1CN2c1nc2c(cc1F)c(=O)c(C(=O)O)cn2-c1ccc(F)cc1F,0.0,training
COc1cc(N)nc2[nH]c(-c3ccc(F)cc3)c(-c3ccncc3)c12,0.0,training
O=C(O)CO,0.0,training
OCC1OC2OC3C(CO)OC(OC4C(CO)OC(OC5C(CO)OC(OC6C(CO)OC(OC7C(CO)OC(OC8C(CO)OC(OC9C(CO)OC(OC1C(O)C2O)C(O)C9O)C(O)C8O)C(O)C7O)C(O)C6O)C(O)C5O)C(O)C4O)C(O)C3O,0.0,training
C[C@]12CC[C@@H](O)C[C@@H]1CC[C@@H]1[C@@H]2CC[C@]2(C)C(=O)CC[C@@H]12,1.0,training
COc1ccc(OC)c(C(O)C(C)N)c1,0.0,training
CN(Cc1ccc(C(C)(C)C)cc1)Cc1cccc2ccccc12,1.0,training
CC[C@@]1(O)C(=O)OCc2c1cc1n(c2=O)Cc2cc3c(CN(C)C)c(O)ccc3nc2-1,0.0,training
O=C1CCc2cc(OCCCCc3nnnn3C3CCCCC3)ccc2N1,1.0,training
CC(C)C(=O)c1c(C(C)C)nn2ccccc12,0.0,training
Oc1c(I)cc(I)c2cccnc12,0.0,training
NC(=O)CN1CCCC1=O,1.0,training
CNC(CC(C)C)C(=O)NC1C(=O)NC(CC(N)=O)C(=O)NC2C(=O)NC3C(=O)NC(C(=O)NC(C(=O)O)c4cc(O)cc(O)c4-c4cc3ccc4O)[C@H](O)c3ccc(c(Cl)c3)Oc3cc2cc(c3O[C@@H]2O[C@H](CO)[C@@H](O)[C@H](O)[C@@H]2O[C@H]2C[C@](C)(N)[C@H](O)[C@H](C)O2)Oc2ccc(cc2Cl)[C@H]1O,0.0,training
C=CCN1CC[C@]23c4c5ccc(O)c4OC2C(=O)CC[C@@]3(O)[C@H]1C5,0.0,training
CCCOc1ccccc1-c1nc(=O)c2[nH]nnc2[nH]1,0.0,training
COc1cc(N)c(Cl)cc1C(=O)N[C@H]1CCN(CCCOc2ccc(F)cc2)C[C@H]1OC,1.0,training
NC[C@H](O)c1ccc(O)c(O)c1,0.0,training
O=C(O)CCNC(=O)c1ccc(N=Nc2ccc(O)c(C(=O)O)c2)cc1,0.0,training
CN1CCCC(CN2c3ccccc3Sc3ccccc32)C1,1.0,training
CCCCCCCCc1ccc(O)cc1,0.0,training
CCC(=O)O[C@@H]1CC(=O)O[C@H](C)CC=CC=C[C@@H](O)[C@H](C)C[C@H](CC=O)[C@H](O[C@H]2O[C@H](C)[C@@H](O[C@@H]3C[C@@](C)(O)[C@@H](OC(=O)CC)[C@H](C)O3)[C@H](N(C)C)[C@H]2O)[C@H]1OC,0.0,training
CN(C)C1C(=O)C(C(N)=O)C(=O)[C@@]2(O)C(=O)C3C(=O)c4c(O)ccc(Cl)c4[C@@](C)(O)C3C[C@@H]12,0.0,training
CCC(c1ccc(OCCN(CC)CC)cc1)C(CC)c1ccc(OCCN(CC)CC)cc1,0.0,training
O=C1C=CC(=O)c2c1c(O)c1c(NCCNCCO)ccc(NCCNCCO)c1c2O,0.0,training
Cc1ccc(S(=O)(=O)NC(=O)NN2CCCCCC2)cc1,0.0,training
NC(CO)(CO)CO,0.0,training
O=NN(CCCl)C(=O)NC1CCCCC1,0.0,training
CC(C)(CO)C(O)C(=O)NCCC(=O)O,0.0,training
C[C@]1(Cn2ccnn2)C(C(=O)O)N2C(=O)C[C@H]2S1(=O)=O,0.0,training
C1N2CN3CN1CN(C2)C3,0.0,training
COc1cc2c(cc1OC)C(=O)C(CC1CCN(Cc3ccccc3)CC1)C2,1.0,training
CN1C2CCC1CC(OC(=O)C(CO)c1ccccc1)C2,1.0,training
CC(=O)NC[C@H]1CN(c2ccc(N3CCOCC3)c(F)c2)C(=O)O1,0.0,training
COc1ccnc(C[S+]([O-])c2nc3cc(OC(F)F)ccc3[nH]2)c1OC,0.0,training
NC(=O)OCCCc1ccccc1,0.0,training
COc1cc2nc(N3CCN(C(=O)c4ccco4)CC3)nc(N)c2cc1OC,1.0,training
[O-][Cl+2]([O-])O,0.0,training
CC(=O)Nc1ccc(O)cc1,0.0,training
CC(=O)Nc1cccc(O)c1,0.0,training
COc1cc(C(=O)NS(=O)(=O)c2ccccc2C)ccc1Cc1cn(C)c2ccc(NC(=O)OC3CCCC3)cc12,1.0,training
On1ccccc1=S,0.0,training
COc1c2occc2cc2ccc(=O)oc12,0.0,training
CC1C(=O)O[C@@H]2CCN3CC=C(COC(=O)[C@](C)(O)[C@]1(C)O)[C@H]23,0.0,training
CC(=O)O[C@]1(C(C)=O)CC[C@H]2[C@@H]3CC(C)=C4CC(=O)CC[C@]4(C)[C@H]3CC[C@@]21C,0.0,training
CCOC(=O)n1ccn(C)c1=S,0.0,training
CC(C)(C)NCC(O)c1cc(O)cc(O)c1,1.0,training
CC(C)[N+]1(C)C2CCC1CC(OC(=O)C(CO)c1ccccc1)C2,1.0,training
NC(=O)N1c2ccccc2CC(=O)c2ccccc21,0.0,training
Cc1ccc(Cl)c(Nc2ccccc2C(=O)O)c1Cl,0.0,training
CC(=O)OCC(=O)[C@@]12OC(C)(C)O[C@@H]1C[C@H]1[C@@H]3C[C@H](F)C4=CC(=O)C=C[C@]4(C)[C@@]3(F)[C@@H](O)C[C@@]12C,0.0,training
CC(=O)O,0.0,training
CC(C)(C)c1ccc(C(=O)CCCN2CCC(OC(c3ccccc3)c3ccccc3)CC2)cc1,0.0,training
CCCCOc1cc(C(=O)OCCN(CC)CC)ccc1N,1.0,training
CCC1(c2ccc(N)cc2)CCC(=O)NC1=O,0.0,training
CC1=NS(=O)(=O)c2cc(Cl)ccc2N1,0.0,training
CO[C@H]1O[C@@H]2O[C@@]3(C)CC[C@H]4[C@H](C)CC[C@@H]([C@H]1C)[C@@]24OO3,0.0,training
COc1cc2c(c(OC)c1OC)-c1ccc(OC)c(=O)cc1[C@@H](NC(C)=O)CC2,0.0,training
CC[N+](CC)(CC)CCOc1cccc(OCC[N+](CC)(CC)CC)c1OCC[N+](CC)(CC)CC,0.0,training
N#C[C@H](O[C@@H]1O[C@H](CO[C@@H]2O[C@H](CO)[C@@H](O)[C@H](O)[C@H]2O)[C@@H](O)[C@H](O)[C@H]1O)c1ccccc1,0.0,training
Cc1c(O)cccc1C(=O)N[C@@H](CSc1ccccc1)[C@H](O)CN1C[C@H]2CCCC[C@H]2CC1C(=O)NC(C)(C)C,0.0,training
C[C@H]1O[C@H](O[C@H]2[C@H](O)[C@@H](O)[C@@H](O[C@H]3[C@H](O)[C@@H](O)[C@H](O)O[C@@H]3CO)O[C@@H]2CO)[C@H](O)[C@@H](O)C1N[C@H]1C=C(CO)[C@@H](O)[C@H](O)[C@H]1O,0.0,training
C/C=C1\C2C=C(C)CC1(N)c1ccc(=O)[nH]c1C2,0.0,training
O=P1(N(CCCl)CCCl)NCCCO1,0.0,training
NC(=O)C[S+]([O-])C(c1ccccc1)c1ccccc1,0.0,training
Nc1nc(N)nc(NC2CC2)n1,1.0,training
CC[C@H](C)[C@@H](COC(Cc1ccccc1)C(=O)NC(CCS(C)(=O)=O)C(=O)OC(C)C)NC[C@@H](N)CS,1.0,training
OC(CCN1CCCCC1)(c1ccccc1)c1ccccc1,1.0,training
Nc1ccc(S(N)(=O)=O)cc1,0.0,training
CN1CCC(=C2c3ccccc3C=Cc3ccccc32)CC1,1.0,training
C=C(C)C(=O)/C(=C/C(=O)O)OC,0.0,training
C[C@]12CC[C@@H]3c4ccc(O)cc4CC[C@H]3[C@@H]1CC[C@@H]2O,0.0,training
CN(C)CCC(c1ccc(Cl)cc1)c1ccccn1,1.0,training
NC(=O)NC(=O)Cc1ccccc1,0.0,training
Nc1nc(=S)c2[nH]cnc2[nH]1,0.0,training
CCCCC(=O)N(Cc1ccc(-c2ccccc2-c2nn[nH]n2)cc1)C(C(=O)O)C(C)C,0.0,training
CN1CCN(C2=Nc3cc(Cl)ccc3Nc3ccccc32)CC1,1.0,training
Clc1ccc2c(c1)CCc1cccnc1C2=C1CCNCC1,1.0,training
CC(=O)OCC(COC(C)=O)OC(C)=O,0.0,training
Cc1cc(=O)n(-c2ccccc2)n1C,0.0,training
O=c1[nH]c2ccccc2n1CCCN1CCC(n2c(=O)[nH]c3cc(Cl)ccc32)CC1,1.0,training
CC(C)(Oc1ccc(Cl)cc1)C(=O)O,0.0,training
C[C@H](CCC(=O)O)[C@H]1CC[C@H]2[C@@H]3[C@H](O)C[C@@H]4C[C@H](O)CC[C@]4(C)[C@H]3C[C@H](O)[C@]12C,0.0,training
COc1cc(N)c(Cl)cc1C(=O)NC1CCN(Cc2ccccc2)CC1,1.0,training
CC(C)NC[C@H](O)COc1cccc2[nH]ccc12,0.0,training
C=C1C(=O)O[C@@H]2[C@H]3O[C@]3(C)CCC=C(C)CC[C@@H]12,1.0,training
CCCCOC(=O)c1ccc(N)cc1,0.0,training
COc1ccc(C(=O)NCc2ccc(OCCN(C)C)cc2)cc1OC,0.0,training
Nc1nc(N)c2nc(CNc3ccc(C(=O)NC(CCC(=O)O)C(=O)O)cc3)cnc2n1,0.0,training
COc1ccc(/C=C\C(=O)Nc2ccccc2C(=O)O)cc1OC,0.0,training
N=C(N)N=C(N)NCCc1ccccc1,1.0,training
Cc1ccc(C(C)C)c(O)c1,0.0,training
CCN1CCN(C(=O)NC(C(=O)NC2C(=O)N3C(C(=O)O)C(C)(C)S[C@H]23)c2ccccc2)C(=O)C1=O,0.0,training
Cc1c(C)c2c(c(C)c1O)CC[C@](C)(CN1CCN(c3cc(N4CCCC4)nc(N4CCCC4)n3)CC1)O2,0.0,training
CNCCCN1c2ccccc2CCc2ccccc21,1.0,training
O=C1NC(=O)[C@@]2(CCOc3ccc(F)cc32)N1,0.0,training
CC[N+]1(CCOC(=O)C(O)(c2ccccc2)c2ccccc2)CCCCC1,1.0,training
CN(C)CCc1c[nH]c2ccc(C[C@H]3COC(=O)N3)cc12,0.0,training
CN(Cc1cnc2nc(N)nc(N)c2n1)c1ccc(C(=O)NC(CCC(=O)O)C(=O)O)cc1,0.0,training
CCC[C@@H]1CC(C(=O)N[C@@H]([C@H]2O[C@H](SC)[C@H](O)[C@@H](O)[C@H]2O)[C@@H](C)O)N(C)C1,0.0,training
CCN(CC)CCNC(=O)c1ccc(N)cc1,0.0,training
COc1ccc2c(c1)c(CC(=O)OCC(=O)O)c(C)n2C(=O)c1ccc(Cl)cc1,0.0,training
Clc1cccc(Cl)c1NC1=NCCN1,1.0,training
CCCc1nc2c(C)cc(-c3nc4ccccc4n3C)cc2n1Cc1ccc(-c2ccccc2C(=O)O)cc1,1.0,training
CC1(C)S[C@@H]2C(NC(=O)C(NC(=O)N3CCNC3=O)c3ccccc3)C(=O)N2C1C(=O)O,0.0,training
C=C(C)[C@H]1CNC(C(=O)O)[C@H]1CC(=O)O,1.0,training
CC1C(=O)O[C@@H]2O[C@@]3(C)CC[C@H]4[C@H](C)CC[C@@H]1[C@@]24OO3,0.0,training
C[C@]12CCC(=O)C[C@@H]1CC[C@@H]1[C@@H]2CC[C@@]2(C)[C@H]1CC[C@]2(C)O,1.0,training
Cc1ccc(NC(=O)c2ccc(CN3CCN(C)CC3)cc2)cc1Nc1nccc(-c2cccnc2)n1,1.0,training
CC(C)[N+](C)(CCC(C(N)=O)(c1ccccc1)c1ccccc1)C(C)C,1.0,training
C[C@H]1O[C@H](O[C@H]2[C@@H](O)C[C@H](O[C@H]3[C@@H](O)C[C@H](O[C@H]4CC[C@@]5(C)[C@H](CC[C@@H]6[C@@H]5CC[C@]5(C)[C@@H](C7=CC(=O)OC7)CC[C@]65O)C4)O[C@@H]3C)O[C@@H]2C)C[C@H](O)[C@@H]1O,0.0,training
CC(CCc1ccccc1)NC(C)C(O)c1ccc(O)cc1,1.0,training
NN,0.0,training
COc1ccccc1OCC(O)COC(N)=O,0.0,training
CC(N)C(O)c1cccc(O)c1,0.0,training
Nc1nc(N)nc(-c2cc(Cl)ccc2Cl)n1,0.0,training
CCCN1C[C@H](CSC)C[C@@H]2c3cccc4[nH]cc(c34)C[C@H]21,1.0,training
CN(C)CCCN1c2ccccc2CCc2ccc(Cl)cc21,1.0,training
CCCCN(CCCC)C(=S)S,0.0,training
Cc1cc(=O)n(-c2ccccc2)[nH]1,0.0,training
O=C(O)c1ccccc1,0.0,training
O=C(c1ccccc1C(F)(F)F)N1CCC(Cc2ccccc2)CC1,1.0,training
Nc1c(CC(=O)O)cccc1C(=O)c1ccc(Br)cc1,0.0,training
OCc1ccccc1,0.0,training
CC[C@H]1OC(=O)C(C)[C@H](O[C@H]2C[C@@](C)(OC)[C@@H](O)[C@H](C)O2)[C@H](C)[C@@H](O[C@@H]2O[C@H](C)C[C@H](N(C)C)[C@H]2O)[C@](C)(OC)CC(C)C(=O)C(C)[C@@H](O)[C@]1(C)O,0.0,training
CC1(C)O[C@@H]2C[C@H]3[C@@H]4C[C@H](F)C5=CC(=O)CC[C@]5(C)[C@H]4[C@@H](O)C[C@]3(C)[C@]2(C(=O)CO)O1,1.0,training
Cc1cc2nc3c(=O)[nH]c(=O)nc-3n(C[C@H](O)[C@H](O)[C@H](O)CO)c2cc1C,0.0,training
CC1CC(OC(=O)C(O)c2ccccc2)CC(C)(C)C1,0.0,training
CC[C@H](C)[C@H]1OC2(C=C[C@@H]1C)C[C@@H]1C[C@@H](CC=C(C)[C@@H](O[C@H]3C[C@H](OC)[C@H](O[C@H]4C[C@H](OC)[C@@H](O)[C@H](C)O4)[C@H](C)O3)[C@@H](C)C=CC=C3COC[C@@H]4[C@H](O)C(C)=CC(C(=O)O1)[C@]34O)O2,0.0,training
C=CC1=C(C(=O)O)N2C(=O)C(=NC(=O)C(NOCC(=O)O)c3csc(N)n3)[C@H]2SC1,0.0,training
CCn1cc(C(=O)O)c(=O)c2ccc(C)nc21,0.0,training
Cc1cccc(Nc2ccccc2C(=O)O)c1C,0.0,training
N=C(CCSCc1csc(N=C(N)N)n1)NS(N)(=O)=O,1.0,training
CO[C@H]1C=CO[C@@]2(C)Oc3c(C)c(O)c4c(O)c(c(C=NN5CCN(C)CC5)c(O)c4c3C2=O)NC(=O)C(C)=CC=CC(C)[C@H](O)[C@@H](C)[C@@H](O)[C@@H](C)[C@H](OC(C)=O)[C@@H]1C,0.0,training
Cc1ccc(C)c(OCCCC(C)(C)C(=O)O)c1,0.0,training
CN(Cc1cc(Br)cc(Br)c1N)C1CCCCC1,1.0,training
CNCCC[C@]12CC[C@H](c3ccccc31)c1ccccc12,1.0,training
FC1(F)C(F)(F)C(F)(F)C2(F)C(F)(F)C(F)(F)C(F)(F)C(F)(F)C2(F)C1(F)F,1.0,training
C[C@]12CC[C@@H]3C4=C(CC[C@H]3[C@@H]1CC[C@@H]2O)CC(=O)CC4,1.0,training
Cc1ccnc(NS(=O)(=O)c2ccc(N)cc2)n1,0.0,training
CCCCNc1ccc(C(=O)OCCN(C)C)cc1,1.0,training
CN(C)c1ccc(C(=C2C=CC(=[N+](C)C)C=C2)c2ccc(N(C)C)cc2)cc1,1.0,training
Nc1ccc(S(=O)(=O)Nc2ccnn2-c2ccccc2)cc1,0.0,training
NC(=O)N/N=C\c1ccc([N+](=O)[O-])o1,0.0,training
COP(=O)(OC)C(O)C(Cl)(Cl)Cl,0.0,training
COc1cc([C@@H]2c3cc4c(cc3[C@@H](O[C@@H]3O[C@@H]5CO[C@@H](C)O[C@H]5[C@H](O)[C@H]3O)[C@H]3COC(=O)C23)OCO4)cc(OC)c1O,0.0,training
CC(=O)O[C@]1(C(C)=O)CC[C@H]2C3=CC(Cl)=C4CC(=O)C5C[C@@H]5[C@]4(C)[C@H]3CC[C@@]21C,0.0,training
CN(C)C1C(=O)C(C(N)=O)C(=O)[C@@]2(O)C(=O)C3C(=O)c4c(O)cccc4[C@@](C)(O)[C@H]3C[C@@H]12,0.0,training
COC(=O)Nc1nc2cc([S+]([O-])c3ccccc3)ccc2[nH]1,0.0,training
CC(C)[C@@]1(NC(=O)C2C[C@@H]3c4cccc5[nH]cc(c45)C[C@H]3N(C)C2)O[C@@]2(O)[C@@H]3CCCN3C(=O)C(Cc3ccccc3)N2C1=O,0.0,training
N[C@@H]1CCCC[C@H]1N,0.0,training
O=C(C1CCCCC1)N1CC(=O)N2CCc3ccccc3C2C1,1.0,training
Cn1c(=O)c2c(ncn2CC2OCCO2)n(C)c1=O,0.0,training
COc1cc(NC(C)CCCN)c2ncccc2c1,1.0,training
CN1C2CC[C@@H]1C[C@@H](OC(c1ccccc1)c1ccccc1)C2,1.0,training
CN(C)CCC=C1c2ccccc2CCc2ccccc21,1.0,training
Nc1ccc(S(=O)(=O)c2ccc(N)cc2)cc1,0.0,training
CCN(CC)CCOc1ccc(/C(=C(\Cl)c2ccccc2)c2ccccc2)cc1,0.0,training
CN1CCC(O)(c2nc(-c3ccc(F)cc3)c(-c3ccncc3)o2)CC1,1.0,training
C[N+]12CCC(CC1)C(OC(=O)C(O)(c1ccccc1)c1ccccc1)C2,1.0,training
CCCOC(=O)c1ccc(O)cc1,0.0,training
Cc1ccc(C(=O)NC2C(=O)NC(C(C)C)C(=O)N3CCCC3C(=O)N(C)CC(=O)N(C)C(C(C)C)C(=O)O[C@@H]2C)c2c1Oc1c(C)c(O)c(N)c(=C(O)N=C3C(=O)NC(C(C)C)C(=O)N4CCCC4C(=O)N(C)CC(=O)N(C)C(C(C)C)C(=O)O[C@@H]3C)c1=N2,0.0,training
C[C@]12CC[C@@H]3c4ccc(O)cc4CC[C@H]3[C@@H]1CCC2=O,1.0,training
CC(C)CC1NC(=O)C(CCCN)NC(=O)C(C(C)C)NC(=O)C2CCCN2C(=O)C(Cc2ccccc2)NC(=O)C(CC(C)C)NC(=O)C(CCCN)NC(=O)C(C(C)C)NC(=O)C2CCCN2C(=O)C(Cc2ccccc2)NC1=O,0.0,training
CCc1cc(C(N)=S)ccn1,0.0,training
C=C1/C(=C/C=C2\CCC[C@]3(C)[C@@H]([C@H](C)CCCC(C)C)CC[C@@H]23)C[C@@H](O)C[C@@H]1O,0.0,training
Cc1cc(CC(=O)O)n(C)c1C(=O)c1ccc(Cl)cc1,0.0,training
Cc1onc(-c2ccccc2Cl)c1C(=O)NC1C(=O)N2C(C(=O)O)C(C)(C)S[C@H]12,0.0,training
CN(C)CC/C=C1/c2ccccc2Sc2ccc(Cl)cc21,0.0,training
Cc1cccc(C)c1NC(=O)C1CCCCN1C,0.0,training
COc1ccc2c(c1)[C@@]13CCCC[C@H]1[C@@H](C2)N(C)CC3,1.0,training
COc1cccc2c(O)c3c(c(O)c12)C(=O)C1=C(C[C@@](O)(C(C)=O)C[C@H]1O[C@H]1C[C@H](N)[C@H](O)[C@H](C)O1)C3=O,0.0,training
NC(=O)c1ncn([C@@H]2O[C@H](CO)[C@@H](O)[C@H]2O)n1,0.0,training
OCC1OC2OC3C(CO)OC(OC4C(CO)OC(OC5C(CO)OC(OC6C(CO)OC(OC7C(CO)OC(OC8C(CO)OC(OC1C(O)C2O)C(O)C8O)C(O)C7O)C(O)C6O)C(O)C5O)C(O)C4O)C(O)C3O,0.0,training
COC(=O)CCc1ccc(OCC(O)CNC(C)C)cc1,0.0,training
O=C(O)CCCCCCCC(=O)O,0.0,training
C[C@@H]1C[C@H]2[C@@H]3CC=C4CC(=O)C=C[C@]4(C)[C@@]3(F)[C@@H](O)C[C@]2(C)C1C(=O)CO,1.0,training
CN(C)C(=O)Oc1cccc([N+](C)(C)C)c1,0.0,training
Cc1cc(=O)oc2cc(O)ccc12,0.0,training
CCCCOc1ccc(C(=O)CCN2CCCCC2)cc1,1.0,training
O=C1Nc2ccc(Cl)cc2[C@@](C#CC2CC2)(C(F)(F)F)O1,0.0,training
CC(=O)OC[C@H]1O[C@@H](S)[C@H](OC(C)=O)[C@@H](OC(C)=O)[C@@H]1OC(C)=O,1.0,training
COc1ccc(CN2CCNCC2)c(OC)c1OC,0.0,training
Cc1cc2c(OCC(CNC(C)(C)C)OC(=O)c3ccccc3)cccc2[nH]1,1.0,training
Nc1c(Br)cc(Br)cc1CN[C@H]1CC[C@H](O)CC1,0.0,training
COCCOC(=O)C1=C(C)N=C(C)C(C(=O)OC(C)C)C1c1cccc([N+](=O)[O-])c1,0.0,training
Oc1c2c(c(O)n1CCCCN1CCN(c3nsc4ccccc34)CC1)CCCC2,1.0,training
C1CCN2C[C@@H]3C[C@@H](CN4CCCC[C@@H]34)[C@H]2C1,1.0,training
C[N+]1(C)CCCC(OC(=O)C(O)(c2ccccc2)c2ccccc2)C1,1.0,training
CCOC(=O)C(CCc1ccccc1)NC1CCc2ccccc2N(CC(=O)O)C1=O,0.0,training
CC1(C)O[C@@H]2C[C@H]3[C@@H]4CC=C5CC(=O)C=C[C@]5(C)[C@@]4(F)[C@@H](O)C[C@]3(C)[C@]2(C(=O)CO)O1,1.0,training
c1ccc2c(c1)c1cccc3ccc4cccc2c4c31,0.0,training
OC[C@H]1O[C@H](O)[C@H](O)[C@@H](O)[C@@H]1O,0.0,training
Nc1nc(F)nc2c1ncn2[C@@H]1O[C@H](CO)[C@@H](O)[C@@H]1O,0.0,training
Cc1cc2c(s1)Nc1ccccc1N=C2N1CCN(C)CC1,1.0,training
Clc1ccccc1CN1CCc2sccc2C1,0.0,training
CN(C)CCOC(c1ccc(Cl)cc1)c1ccccn1,1.0,training
CCCCC[C@H](O)/C=C/[C@@H]1C(CCCCCCC(=O)O)C(=O)C[C@H]1O,0.0,training
CCN(CC)CCNC(=O)c1cc(S(C)(=O)=O)ccc1OC,0.0,training
COC(=O)C1=C(C)N=C(C)C(C(=O)OCC(C)C)C1c1ccccc1[N+](=O)[O-],0.0,training
CCN1CCC[C@H]1CNC(=O)c1cc(S(N)(=O)=O)ccc1OC,0.0,training
O=C(C[S+]([O-])Cc1ccco1)NC/C=C\COc1cc(CN2CCCCC2)ccn1,1.0,training
N=C(N)N/N=C\c1c(Cl)cccc1Cl,1.0,training
CCCCCCNC(=O)n1cc(F)c(=O)[nH]c1=O,0.0,training
Cc1ccc(/N=C/N(C)/C=N/c2ccc(C)cc2C)c(C)c1,1.0,training
NS(=O)(=O)c1cc2c(cc1Cl)N=CNS2(=O)=O,0.0,training
CC(C)=CCC/C(C)=C/CC/C(C)=C/CC=C(C)C=Cc1c(C)c(O)c2ccccc2c1O,0.0,training
COc1cccc([C@@]2(O)CCCC[C@@H]2CN(C)C)c1,0.0,training
ClC1=C(Cl)[C@]2(Cl)[C@@H]3[C@@H]4C[C@@H]([C@H]5O[C@@H]45)[C@@H]3[C@@]1(Cl)C2(Cl)Cl,0.0,training
OCCOCCN1CCN(C(c2ccccc2)c2ccc(Cl)cc2)CC1,1.0,training
O=C(O)c1cccnc1Nc1cccc(C(F)(F)F)c1,0.0,training
C=C1CC[C@H](O)C/C1=C\C=C1/CCC[C@]2(C)[C@@H]([C@H](C)CCCC(C)C)CC[C@@H]12,0.0,training
C[N+]1(C)[C@@H]2C[C@@H](OC(=O)C(CO)c3ccccc3)C[C@H]1[C@@H]1O[C@@H]12,0.0,training
Cc1c(Cl)cccc1Nc1ccccc1C(=O)O,0.0,training
CCOC(=O)N1CCC(=C2c3ccc(Cl)cc3CCc3cccnc32)CC1,0.0,training
COc1cc(C(=O)NC2CCCNC2)cc(OC)c1OC,0.0,training
O=C(O)Cc1ccc(-c2ccccc2)cc1,0.0,training
CCOC(N)=O,0.0,training
CCC(=O)O[C@H]1[C@H](O[C@@H]2[C@@H](C)[C@@H](O[C@H]3C[C@@](C)(OC)[C@@H](O)[C@H](C)O3)C(C)C(=O)O[C@H](CC)[C@@](C)(O)[C@H](O)C(C)C(=O)C(C)C[C@@]2(C)O)O[C@H](C)C[C@@H]1N(C)C,0.0,training
CC(C)C(N)C(=O)OCCOCn1cnc2c(=O)[nH]c(N)nc21,0.0,training
CC(C)(C(=O)c1cccnc1)c1cccnc1,0.0,training
C=C1C[C@@H]2[C@H](CC[C@]3(C)C(=O)CC[C@@H]23)[C@@]2(C)C=CC(=O)C=C12,1.0,training
O=c1ccc2ccccc2o1,0.0,training
O=c1[nH]c2ccccc2c2ccccc12,0.0,training
CC(C(=O)O)c1ccc2oc(-c3ccc(Cl)cc3)nc2c1,0.0,training
Cc1ccccc1C(OCCN(C)C)c1ccccc1,1.0,training
Cc1ccccc1C(=O)N1CCC(Cc2ccccc2)CC1,1.0,training
c1ccc2c(c1)cc1ccc3cccc4ccc2c1c34,0.0,training
COc1ncnc(NS(=O)(=O)c2ccc(N)cc2)c1OC,0.0,training
CCc1cccc2c3c([nH]c12)C(CC)(CC(=O)O)OCC3,0.0,training
O=c1[nH]c(=O)n([C@H]2C[C@H](O)[C@@H](CO)O2)cc1F,0.0,training
CC1(C)SCCN(S(=O)(=O)c2ccc(Oc3ccncc3)cc2)C1C(O)=NO,1.0,training
C[C@@H]1C[C@H]2[C@@H]3CC=C4CC(=O)C=C[C@]4(C)[C@@]3(Cl)[C@@H](O)C[C@]2(C)[C@@]1(OC(=O)c1ccco1)C(=O)CCl,0.0,training
CC(C)Nc1ccc(Nc2ccccc2)cc1,1.0,training
CC(=O)NS(=O)(=O)c1ccc(N)cc1,0.0,training
CC(C)CC1C(=O)N2CCCC2[C@]2(O)O[C@](NC(=O)C3C=C4c5cccc6[nH]cc(c56)CC4N(C)C3)(C(C)C)C(=O)N12,0.0,training
CCCCc1nc(Cl)c(CO)n1Cc1ccc(-c2ccccc2-c2nn[nH]n2)cc1,0.0,training
CCC(C)CCCC(=O)NC(CCN)C(=O)NC(C(=O)NC(CCN)C(=O)NC1CCNC(=O)C(C(C)O)NC(=O)C(CCN)NC(=O)C(CCN)NC(=O)C(CC(C)C)NC(=O)C(CC(C)C)NC(=O)C(N)CCNC1=O)C(C)O,0.0,training
O=NN(CCCl)C(=O)NCCCl,0.0,training
COc1cc2nc(N3CCN(C(=O)C4COc5ccccc5O4)CC3)nc(N)c2cc1OC,1.0,training
CCC1=C(C)CN(C(=O)NCCc2ccc(S(=O)(=O)NC(=O)N[C@H]3CC[C@H](C)CC3)cc2)C1=O,0.0,training
Oc1ccc2c3c1O[C@H]1[C@@H](O)CC[C@@]4(O)[C@@H](C2)N(CC2CCC2)CC[C@]314,1.0,training
COc1ccc2cc(CC(=O)O)ccc2c1,0.0,training
CN1CCN(CCCN2c3ccccc3Sc3ccc(Cl)cc32)CC1,0.0,training
CC(C)=CCC/C(C)=C/CO,0.0,training
N=C(Nc1ccccc1)Nc1ccccc1,1.0,training
COc1c(C)c2c(c(O)c1C/C=C(\C)CCC(=O)OCCN1CCOCC1)C(=O)OC2,1.0,training
COC(=O)C(c1ccccc1Cl)N1CCc2sccc2C1,0.0,training
CN[C@H]1CC[C@@H](c2ccc(Cl)c(Cl)c2)c2ccccc21,0.0,training
CCCC(CCC)C(N)=O,0.0,training
CN(C)C(N)=NC(=N)N,0.0,training
CCN1C(=O)C(c2ccccc2)(c2ccccc2)CC1CCN1CCOCC1,0.0,training
CON=C(C(=O)NC1C(=O)N2C(C(=O)O)=C(COC(C)=O)CS[C@H]12)c1csc(N)n1,0.0,training
OC[C@@H](O)[C@@H](O)[C@H](O)[C@H](O)CO,0.0,training
CC[C@]1(O)C[C@H]2CN(CCc3c([nH]c4ccccc34)[C@@](C(=O)OC)(c3cc4c(cc3OC)N(C=O)[C@H]3[C@@](O)(C(=O)OC)[C@H](OC(C)=O)[C@]5(CC)C=CCN6CC[C@]43[C@@H]65)C2)C1,0.0,training
CN=C(C[N+](=O)[O-])NCCSCc1ccc(CN(C)C)o1,0.0,training
CC1CCC(NC(=O)N(CCCl)N=O)CC1,1.0,training
C#C[C@]1(OC(C)=O)CC[C@H]2[C@@H]3CCC4=C[C@@H](OC(C)=O)CC[C@@H]4[C@H]3CC[C@@]21C,0.0,training
CCC(C)C(=O)O[C@H]1C[C@@H](C)C=C2C=C[C@H](C)[C@H](CC[C@@H]3C[C@@H](O)CC(=O)O3)[C@H]21,0.0,training
CC(C)OC(=O)OCOP(=O)(CO[C@H](C)Cn1cnc2c(N)ncnc21)OCOC(=O)OC(C)C,0.0,training
NNc1ccccc1,0.0,training
COc1ccc(C(=O)Nc2c(Cl)c[n+]([O-])cc2Cl)c2ccc(C(F)(F)F)nc12,0.0,training
CS(=O)(=O)OCCCCOS(C)(=O)=O,0.0,training
CN(CCCl)CCCl,1.0,training
O=C(Nc1ccc(Cl)c(Cl)c1)c1cc(Cl)cc(Cl)c1O,1.0,training
CCCCCCCCCCC[C@H](C[C@@H]1OC(=O)C1CCCCCC)OC(=O)C(CC(C)C)NC=O,1.0,training
Oc1cccc(O)c1,0.0,training
CN(C)N=Nc1[nH]cnc1C(N)=O,0.0,training
C[C@H]1C[C@H]2[C@@H]3CC=C4CC(=O)C=C[C@]4(C)[C@@]3(Cl)[C@@H](O)C[C@]2(C)[C@@]1(O)C(=O)CO,1.0,training
Cc1ccc(S(=O)(=O)NC(=O)NN2CC3CCCC3C2)cc1,0.0,training
O=c1[nH]c(=O)n([C@H]2C[C@H](O)[C@@H](CO)O2)cc1I,0.0,training
N=C(N)c1ccc(OCCCCCOc2ccc(C(=N)N)cc2)cc1,1.0,training
O=C(c1ccccc1F)N1CCC(Cc2ccccc2)CC1,0.0,training
CC[C@]1(O)CC[C@H]2[C@@H]3CCC4=CCCC[C@@H]4[C@H]3CC[C@@]21C,0.0,training
CCN(CC)c1ccc(C(=C2C=CC(=[N+](CC)CC)C=C2)c2ccccc2)cc1,1.0,training
CCC(C)C(C(=O)OCC[N+](C)(CC)CC)c1ccccc1,0.0,training
O=C(O)CCc1nc(-c2ccccc2)c(-c2ccccc2)o1,0.0,training
COC(=O)c1ccc(O)cc1,0.0,training
CC(C)C1C(=O)N2CCC[C@H]2[C@]2(O)O[C@](NC(=O)C3C=C4c5cccc6[nH]cc(c56)C[C@H]4N(C)C3)(C(C)C)C(=O)N12,0.0,training
Nc1ccc(N=Nc2ccccc2)c(N)n1,0.0,training
O=C(O)c1ccc([N+](=O)[O-])cc1,0.0,training
Cn1cc[nH]c1=S,0.0,training
Clc1ccc(COC(Cn2ccnc2)c2ccc(Cl)cc2Cl)c(Cl)c1,1.0,training
CC(C)c1cccc(C(C)C)c1O,0.0,training
COc1ccc(CCN(C)CCCC(C#N)(c2ccc(OC)c(OC)c2)C(C)C)cc1OC,1.0,training
NC(=O)c1cccnc1,0.0,training
CN(C)CCOc1ccc(/C(=C(/CCCl)c2ccccc2)c2ccccc2)cc1,0.0,training
C=C1[C@@H]2CC[C@H]3[C@]4(C)C[C@H](O[C@H]5O[C@H](CO)[C@@H](OS(=O)(=O)O)[C@H](OS(=O)(=O)O)[C@H]5OC(=O)CC(C)C)CC(C(=O)O)[C@H]4CC[C@]3(C2)[C@H]1O,0.0,training
Cc1cc(C2CCCCC2)n(O)c(=O)c1,0.0,training
Nc1nc(=O)c2ncn(COCCO)c2[nH]1,0.0,training
CN(C)CCN(Cc1cccs1)c1ccccn1,0.0,training
CN=C(C[N+](=O)[O-])NCCSCc1csc(CN(C)C)n1,0.0,training
CCCCCCCCCc1ccc(O)cc1,0.0,training
OC(CCN1CCCC1)(c1ccccc1)C1CCCCC1,1.0,training
CCCCCCCCCCCCCCCC[n+]1ccccc1,0.0,training
C[C@@H]1O[C@@H](O[C@@H]2C=C3CC[C@@H]4[C@H](CC[C@]5(C)[C@@H](c6ccc(=O)oc6)CC[C@]45O)[C@@]3(C)CC2)[C@H](O)[C@H](O)[C@H]1O,0.0,training
CCOc1ccc(NC(C)=O)cc1,0.0,training
CC(=O)OCC(=O)[C@@]1(O)CC[C@H]2[C@@H]3CC=C4CC(=O)CC[C@]4(C)[C@@]3(F)[C@@H](O)C[C@@]21C,0.0,training
CCOC(=O)C(CCc1ccccc1)NC(C)C(=O)N1Cc2ccccc2CC1C(=O)O,0.0,training
O=C(c1ccccc1)c1cc2n(c1)C(C(=O)O)CC2,0.0,training
CN(C)CCCN1c2ccccc2Sc2ccccc21,1.0,training
CN1C2CCC1CC(OC(=O)c1c[nH]c3ccccc13)C2,1.0,training
O=C(Nc1c(Cl)cncc1Cl)c1ccc(OC(F)F)c(OCC2CC2)c1,0.0,training
Cc1nccn1CC1CCc2c(c3ccccc3n2C)C1=O,1.0,training
CN(C)CCC(c1ccc(Br)cc1)c1ccccn1,1.0,training
CC(=C/c1ccccc1)/C=C1/SC(=S)N(CC(=O)O)C1=O,1.0,training
Cc1cccc(CN2CCN(C(c3ccccc3)c3ccc(Cl)cc3)CC2)c1,0.0,training
Nc1ccn([C@@H]2O[C@H](CO)[C@@H](O)C2(F)F)c(=O)n1,0.0,training
C#C[C@]1(O)CC[C@H]2[C@@H]3CC=C4CC(=O)CC[C@]4(C)[C@H]3CC[C@@]21C,0.0,training
CC[C@@]1(O)C[C@@H](O[C@H]2C[C@H](N(C)C)[C@@H](O[C@H]3C[C@H](O)[C@@H](O[C@H]4CCC(=O)C(C)O4)[C@H](C)O3)[C@H](C)O2)c2c(cc3c(c2O)C(=O)c2c(O)cccc2C3=O)C1C(=O)OC,1.0,training
CCC1(C)CC(=O)NC(=O)C1,0.0,training
CNCC(O)c1ccc(O)c(O)c1,0.0,training
CN[C@@H]1[C@H](O)[C@H](NC)[C@H]2O[C@@]3(O)C(=O)C[C@@H](C)O[C@H]3O[C@@H]2[C@H]1O,0.0,training
CC(C)NC[C@@H](O)COc1cccc2ccccc12,0.0,training
CCC(C)(C)C(=O)O[C@H]1C[C@@H](C)C=C2C=C[C@H](C)[C@H](CC[C@@H]3C[C@@H](O)CC(=O)O3)[C@H]21,0.0,training
CO[C@H]1C=CO[C@@]2(C)Oc3c(C)c(O)c4c(O)c(c(C=NN5CCN(C6CCCC6)CC5)c(O)c4c3C2=O)NC(=O)C(C)=CC=CC(C)[C@H](O)[C@@H](C)[C@@H](O)[C@@H](C)[C@H](OC(C)=O)[C@@H]1C,0.0,training
NC(=O)N1c2ccccc2CCc2ccccc21,0.0,training
COc1ccc(C(=O)c2ccccc2)c(O)c1,0.0,training
CCN(CC)CCOCCC1=CCC2CC1C2(C)C,1.0,training
C[C@]12CCC(=O)C=C1CC[C@@H]1C2C(=O)C[C@@]2(C)[C@H]1CC[C@]2(O)C(=O)CO,1.0,training
CC[C@H](C)[C@H]1O[C@]2(CC[C@@H]1C)C[C@@H]1C[C@@H](CC=C(C)[C@@H](O[C@H]3C[C@H](OC)[C@@H](O[C@H]4C[C@H](OC)[C@@H](O)[C@H](C)O4)[C@H](C)O3)[C@@H](C)C=CC=C3CO[C@@H]4[C@H](O)C(C)=CC(C(=O)O1)[C@]34O)O2,0.0,training
CCNC(=O)C1CCCN1C(=O)C(CCCN=C(N)N)NC(=O)C(CC(C)C)NC(=O)C(CC(C)C)NC(=O)C(Cc1ccc(O)cc1)NC(=O)C(CO)NC(=O)C(Cc1c[nH]c2ccccc12)NC(=O)C(Cc1cnc[nH]1)NC(=O)C1CCC(=O)N1,1.0,training
CC(=O)O[C@@]12CO[C@@H]1C[C@H](O)[C@@]1(C)C(=O)C(=O)C3C(C)[C@@H](OC(=O)C(O)C(NC(=O)OC(C)(C)C)c4ccccc4)C[C@@](O)([C@@H](OC(=O)c4ccccc4)[C@H]21)C3(C)C,0.0,training
C[C@H]1O[C@@H](O[C@H]2[C@@H](O)C[C@@H](O[C@H]3[C@@H](O)C[C@H](O[C@H]4CC[C@@]5(C)[C@H](CC[C@@H]6[C@@H]5C[C@@H](O)[C@]5(C)[C@@H](C7=CC(=O)OC7)CC[C@]65O)C4)O[C@@H]3C)O[C@@H]2C)C[C@H](O)[C@@H]1O,0.0,training
Cc1ccc(N(CC2=NCCN2)c2cccc(O)c2)cc1,1.0,training
CCCCN=C(N)N=C(N)N,0.0,training
Cc1[nH]c(=O)c(C#N)cc1-c1ccncc1,0.0,training
C[C@]12C=CC(=O)C=C1CC[C@@H]1C2=CC[C@]2(C)C(C(=O)CN3CCN(c4cc(N5CCCC5)nc(N5CCCC5)n4)CC3)CC[C@@H]12,0.0,training
CC(C)Oc1ccc2c(=O)c(-c3ccccc3)coc2c1,0.0,training
c1ccc2c(c1)CCCC2C1=NCCN1,1.0,training
Cc1c(OCC(F)(F)F)ccnc1C[S+]([O-])c1nc2ccccc2[nH]1,1.0,training
COc1ccc(CN(CCN(C)C)c2ccccn2)cc1,1.0,training
CC(C)(C)c1ccc(C(O)CCCN2CCC(C(O)(c3ccccc3)c3ccccc3)CC2)cc1,0.0,training
O=C(O)COc1ccc(C(=O)c2cccs2)c(Cl)c1Cl,0.0,training
CCOC(=O)c1ccc(OC(=O)CCCCCN=C(N)N)cc1,1.0,training
CC(N)=S,0.0,training
c1ccc(Cn2ccnc2)cc1,1.0,training
CCN[C@H](C)Cc1cccc(C(F)(F)F)c1,1.0,training
c1ccc(Nc2ccc(Nc3ccccc3)cc2)cc1,0.0,training
CC(=O)N(O)CCCCCNC(=O)CCC(=O)N(O)CCCCCNC(=O)CCC(=O)N(O)CCCCCN,0.0,training
CN1CCCN(C(c2ccccc2)c2ccc(Cl)cc2)CC1,1.0,training
CC[N+](C)(C)c1cccc(O)c1,0.0,training
COc1ccc(Cl)cc1C(=O)NCCc1ccc(S(=O)(=O)NC(=O)NC2CCCCC2)cc1,0.0,training
C[C@@H]1C[C@H]2[C@@H]3CC=C4CC(=O)C=C[C@]4(C)[C@@]3(F)[C@@H](O)C[C@]2(C)[C@@]1(O)C(=O)COP(=O)(O)O,0.0,training
Clc1cc(Cl)c(OCC#CI)cc1Cl,0.0,training
C[C@H]1O[C@@H](n2cc(F)c(=O)[nH]c2=O)[C@H](O)[C@@H]1O,0.0,training
COc1cccc2c(O)c3c(c(O)c12)C(=O)C1=C(C[C@@](O)(C(=O)CO)C[C@@H]1O[C@@H]1C[C@H](N)[C@H](O)[C@H](C)O1)C3=O,0.0,training
CCOC(=O)C(CCc1ccccc1)NC(C)C(=O)N1CCCC1C(=O)O,0.0,training
Cc1ccc(-c2cc(C(F)(F)F)nn2-c2ccc(S(N)(=O)=O)cc2)cc1,0.0,training
C[N+](C)(C)CCOC(N)=O,0.0,training
CC(C)(c1ccc(O)cc1)c1ccc(O)cc1,0.0,training
CC(C)C(Br)C(=O)NC(N)=O,0.0,training
CN1C(=O)CN=C(c2ccccc2)c2cc([N+](=O)[O-])ccc21,1.0,training
NS(=O)(=O)c1cc2c(cc1Cl)NC(C(Cl)Cl)NS2(=O)=O,0.0,training
CC(=O)O[C@H]1C[C@@H]2CC[C@@H]3[C@H](CC[C@@]4(C)[C@H]3C[C@H]([N+]3(C)CCCCC3)[C@@H]4OC(C)=O)[C@@]2(C)C[C@@H]1N1CCCCC1,0.0,training
COC(=O)Nc1nc2cc(Sc3ccccc3)ccc2[nH]1,0.0,training
OCCN1CCN(CCCN2c3ccccc3Sc3ccc(C(F)(F)F)cc32)CC1,1.0,training
CC(=O)NC(CS)C(=O)O,0.0,training
Nc1ccc(C(=O)O)c(O)c1,0.0,training
OC[C@H](O)c1oc(O)c(O)c1O,0.0,training
O=C1OCCN1/N=C\c1ccc([N+](=O)[O-])o1,0.0,training
CO[C@H]1C=CO[C@@]2(C)Oc3c(C)c(O)c4c(O)c(c5c(c4c3C2=O)=NC2(CCN(CC(C)C)CC2)N=5)NC(=O)C(C)=CC=CC(C)[C@H](O)[C@@H](C)[C@@H](O)[C@@H](C)[C@H](OC(C)=O)[C@@H]1C,0.0,training
CCOc1ccccc1OCCN[C@H](C)Cc1ccc(OC)c(S(N)(=O)=O)c1,0.0,training
CC(C)(Oc1ccc(CCNC(=O)c2ccc(Cl)cc2)cc1)C(=O)O,0.0,training
CCC(C)C(=O)O[C@H]1CCC=C2C=C[C@H](C)[C@H](CC[C@@H]3C[C@@H](O)CC(=O)O3)[C@H]21,0.0,training
Cc1noc(NS(=O)(=O)c2ccc(N)cc2)c1C,0.0,training
NC(=O)OCC(O)COc1ccc(Cl)cc1,1.0,training
NCCN,0.0,training
O=C1CC2(CCCC2)CC(=O)N1CCCCN1CCN(c2ncccn2)CC1,1.0,training
COCCCOc1ccnc(C[S+]([O-])c2nc3ccccc3[nH]2)c1C,1.0,training
CCN(Cc1ccncc1)C(=O)C(CO)c1ccccc1,0.0,training
CC(C(=O)O)c1ccc(-c2ccccc2)c(F)c1,0.0,training
CC(=O)Oc1ccc(C(c2ccc(OC(C)=O)cc2)c2ccccn2)cc1,0.0,training
O=c1[nH]c(O)cn1/N=C/c1ccc([N+](=O)[O-])o1,0.0,training
CC(CCc1ccc(O)cc1)NCCc1ccc(O)c(O)c1,0.0,training
NC(Cc1ccc(N(CCCl)CCCl)cc1)C(=O)O,0.0,training
[Mn+2],0.0,training
FC(F)(F)C(F)(F)C(F)(F)C(F)(F)C(F)(F)C(F)(F)C(F)(F)C(F)(F)Br,0.0,training
CCN1C[C@@]2(COC)C3[C@@H](OC)[C@H]4[C@@H]1C3([C@@H]1C[C@@]3(O)[C@H](OC(=O)c5ccccc5)[C@@H]1[C@]4(OC(C)=O)[C@@H](O)[C@@H]3OC)[C@H](OC)C[C@H]2O,0.0,training
CCCCC1=NC2(CCCC2)C(=O)N1Cc1ccc(-c2ccccc2-c2nn[nH]n2)cc1,0.0,training
Nc1ccn([C@@H]2O[C@H](CO)[C@@H](O)[C@@H]2O)c(=O)n1,0.0,training
CN(C)c1ccc2nc3ccc(=[N+](C)C)cc-3sc2c1,0.0,training
CN(C)CCN(Cc1ccccc1)c1ccccn1,1.0,training
CN1CCN(C(=O)OC2c3nccnc3C(=O)N2c2ccc(Cl)cn2)CC1,0.0,training
Nc1nc(=O)c2nc(CNc3ccc(C(=O)NC(CCC(=O)O)C(=O)O)cc3)cnc2[nH]1,0.0,training
CCC(C)C(=O)O[C@H]1C[C@H](O)C=C2C=C[C@H](C)[C@H](CC[C@@H](O)C[C@@H](O)CC(=O)O)[C@H]21,0.0,training
Oc1c(I)cc(Cl)c2cccnc12,0.0,training
CC(NC(C)(C)C)C(=O)c1cccc(Cl)c1,1.0,training
C=CCc1ccc2c(c1)OCO2,0.0,training
O=C(O)c1ccccc1S,0.0,training
Cc1onc(-c2ccccc2)c1-c1ccc(S(N)(=O)=O)cc1,1.0,training
CC(C)N=C(Nc1ccc(Cl)cc1)c1ccncc1,0.0,training
CO[C@@H]1[C@@H](O[C@H]2O[C@H](C)[C@H](O[C@H]3C[C@@](C)(O)[C@@H](OC(=O)CC(C)C)[C@H](C)O3)[C@H](N(C)C)[C@H]2O)[C@@H](CC=O)C[C@@H](C)[C@@H](O)C=CC=CC[C@@H](C)OC(=O)C[C@H]1O,0.0,training
Cn1c(NCCN(CCO)CCCc2ccc([N+](=O)[O-])cc2)cc(=O)n(C)c1=O,1.0,training
CC(C)CC(NC(=O)C(O)C(N)Cc1ccccc1)C(=O)O,0.0,training
CO[C@H]1C=CO[C@@]2(C)Oc3c(C)c(O)c4c(O)c(cc(OCC(=O)O)c4c3C2=O)NC(=O)C(C)=CC=CC(C)[C@H](O)[C@@H](C)[C@@H](O)[C@@H](C)[C@H](OC(C)=O)[C@@H]1C,0.0,training
CCCCOc1ccc(CC(O)=NO)cc1,0.0,training
O=C1N=C(c2ccccc2Cl)c2cc(Cl)ccc2NC1O,0.0,training
c1ccc(CC2=NCCN2)cc1,1.0,training
CCN(CC)C(=O)N1CCN(C)CC1,0.0,training
CNC(=O)Oc1ccc2c(c1)[C@]1(C)CCN(C)[C@@H]1N2C,0.0,training
CN(CCOc1ccc(CC(Nc2ccccc2C(=O)c2ccccc2)C(=O)O)cc1)c1ccccn1,0.0,training
CCOC(=O)c1ccc(O)cc1,0.0,training
CNC1(c2ccccc2Cl)CCCCC1=O,0.0,training
CC(C)NCC(O)c1ccc(O)c(O)c1,0.0,training
CCC1=C[C@@H]2CN(C1)Cc1c([nH]c3ccccc13)[C@@](C(=O)OC)(c1cc3c(cc1OC)N(C)[C@H]1[C@@](O)(C(=O)OC)[C@H](OC(C)=O)[C@]4(CC)C=CCN5CC[C@]31[C@@H]54)C2,0.0,training
NC(C=O)C(O)C(O)C(O)CO,0.0,training
C#C[C@]1(O)CC[C@H]2[C@@H]3CC=C4CC(=O)CCC4[C@H]3CC[C@@]21CC,0.0,training
O=C(CCCN1CCC(O)(c2ccc(Cl)cc2)CC1)c1ccc(F)cc1,0.0,training
Nc1ccc2c3c(cccc13)C(=O)NC2=O,0.0,training
CC(C(=O)O)c1cccc(C(=O)c2ccccc2)c1,0.0,training
COc1ccc2c3c1O[C@H]1C[C@@H](O)C=C[C@@]31CCN(C)C2,0.0,training
COc1ccc(C2C(=O)c3ccccc3C2=O)cc1,0.0,training
Oc1cccc2cccnc12,0.0,training
COc1cc2c3cc1Oc1cc(ccc1O)C[C@@H]1c4c(cc(OC)c(O)c4Oc4ccc(cc4)C[C@@H]3N(C)CC2)CC[N+]1(C)C,0.0,training
O=C(O)c1cccnc1,0.0,training
Nc1ccc(Cc2ccc(N)cc2)cc1,0.0,training
C[C@H]1C(=NC(=O)C(NOC(C)(C)C(=O)O)c2csc([NH])n2)C(=O)N1S(=O)(=O)O,0.0,training
CC#C[C@]1(O)CC[C@H]2C3=C(C4=C(CC3)CC(=O)CC4)C(c3ccc(N(C)C)cc3)C[C@@]21C,0.0,training
C[C@]12CCC(=O)C=C1CC[C@@H]1[C@@H]2CC[C@@]2(C)[C@H]1CC[C@]2(C)O,1.0,training
CC[C@]1(O)C[C@H]2CN(CCc3c([nH]c4ccccc34)[C@@](C(=O)OC)(c3cc4c(cc3OC)N(C)[C@H]3[C@@](O)(C(N)=O)[C@H](O)[C@]5(CC)C=CCN6CC[C@]43[C@@H]65)C2)C1,0.0,training
CCC(=O)O[C@]1(C(=O)CCl)[C@@H](C)C[C@H]2[C@@H]3CC=C4CC(=O)C=C[C@]4(C)[C@@]3(F)[C@@H](O)C[C@@]21C,0.0,training
COc1ccccc1OCCNCC(O)COc1cccc2[nH]c3ccccc3c12,1.0,training
NS(=O)(=O)c1cc(C(=O)O)c(NCc2ccco2)cc1Cl,0.0,training
O=C(Oc1ccccc1C(=O)O)c1ccccc1O,0.0,training
Nc1c2c(nc3ccccc13)CCCC2,1.0,training
CCCSc1ccc2[nH]c(NC(=O)OC)nc2c1,0.0,training
CC(=O)CC(C)=O,0.0,training
COc1ccc(C(=O)N2CCCC2=O)cc1,0.0,training
CNC[C@H](O)c1cccc(O)c1,0.0,training
COc1ccc(C(CN(C)C)C2(O)CCCCC2)cc1,0.0,training
Cc1ccccc1N1C(=O)c2cc(S(N)(=O)=O)c(Cl)cc2NC1C,0.0,training
CC(C)(C)NCC(O)COc1cccc2c1C[C@H](O)[C@H](O)C2,0.0,training
O=C1c2ccccc2C(=O)C1c1ccccc1,0.0,training
CSc1ccc(C=C2C(C)=C(CC(=O)O)c3cc(F)ccc32)cc1,0.0,training
N=C(N=C(N)NCCCCCCN=C(N)N=C(N)Nc1ccc(Cl)cc1)Nc1ccc(Cl)cc1,1.0,training
CN(C)C(=S)SC(=S)N(C)C,0.0,training
OC(CCCN1CCCCC1)(c1ccccc1)c1ccccc1,1.0,training
CS(=O)(=O)Nc1ccc([N+](=O)[O-])c(OC2CCCCC2)c1,0.0,training
CC(C)NCC(O)COc1ccc(CC(N)=O)cc1,0.0,training
CC(=O)Oc1ccccc1C(=O)O,0.0,training
[Zn+2],0.0,training
C[C@@H]1O[C@@H](O[C@H]2C[C@@H](O)[C@]3(CO)[C@H]4[C@H](O)C[C@]5(C)[C@@H](C6=CC(=O)OC6)CC[C@]5(O)[C@@H]4CC[C@]3(O)C2)[C@H](O)[C@H](O)[C@H]1O,0.0,training
CC(=O)O[C@]1(C(C)=O)CC[C@H]2C3=CC(C)=C4CC(=O)CC[C@]4(C)[C@H]3CC[C@@]21C,1.0,training
COc1ccc(C(=O)Nc2c(Cl)cncc2Cl)cc1OC1CCCC1,0.0,training
CCCCCCCCCCCCC/C=C/[C@@H](O)[C@H](CO)NC(=O)CCCCCCC,0.0,training
C#CCN(C)[C@H](C)Cc1ccccc1,1.0,training
CC(C)(C)CC(C)(C)c1ccc(OCCOCC[N+](C)(C)Cc2ccccc2)cc1,1.0,training
O=C(C(O)CO)C(O[C@H]1O[C@H](CO)[C@H](O)[C@H](O)[C@H]1O)[C@H](O)CO,0.0,training
O=c1cc(-c2ccccc2)oc2ccc3ccccc3c12,0.0,training
O=C(Oc1ccccc1)c1ccccc1O,0.0,training
CC(C)(C)NC[C@H](O)COc1nsnc1N1CCOCC1,0.0,training
Nc1ncnc2c1ncn2[C@@H]1O[C@H](COP(=O)(O)O)[C@@H](O)[C@H]1O,0.0,training
CN1C[C@H](CNC(=O)OCc2ccccc2)C[C@@H]2c3cccc4c3c(cn4C)C[C@H]21,0.0,training
C#C[C@]1(O)CC[C@H]2[C@@H]3CCC4=Cc5oncc5C[C@]4(C)[C@H]3CC[C@@]21C,0.0,training
O=C(c1ccccc1Cl)N1CCC(Cc2ccccc2)CC1,1.0,training
COCCc1ccc(OCC(O)CNC(C)C)cc1,0.0,training
Oc1ccccc1,0.0,training
CN(C)CCCC1(c2ccc(F)cc2)OCc2cc(C#N)ccc21,0.0,training
CCOC(=O)C1=C(COCCN)N=C(C)C(C(=O)OC)C1c1ccccc1Cl,0.0,training
CCN1CCN(c2nc3c(cc2F)c(=O)c(C(=O)O)cn3C2CC2)CC1,0.0,training
COc1ccc2[nH]cc(CCNC(C)=O)c2c1,1.0,training
O=C(O)C(S)C(S)C(=O)O,0.0,training
Nc1[nH]c(=O)ncc1F,0.0,training
Clc1ccc(COC(Cn2ccnc2)c2ccc(Cl)cc2Cl)cc1,1.0,training
CC(C)Cc1ccc(C(C)C(=O)O)cc1,0.0,training
CC1=C(/C=C/C(C)=C\C=C/C(C)=C\C(=O)O)C(C)(C)CCC1,1.0,training
O=c1n(CCCN2CCN(c3cccc(Cl)c3)CC2)nc2ccccn12,1.0,training
c1ccc(CN(CC2=NCCN2)c2ccccc2)cc1,1.0,training
Cc1cccc(N(C)C(=S)Oc2ccc3ccccc3c2)c1,0.0,training
CC(C)(Sc1cc(C(C)(C)C)c(O)c(C(C)(C)C)c1)Sc1cc(C(C)(C)C)c(O)c(C(C)(C)C)c1,0.0,training
N=C(N)NC(=O)c1nc(Cl)c(N)nc1N,1.0,training
NC(=O)N1c2ccccc2C=Cc2ccccc21,0.0,training
C[N+](C)(C)CC(=O)[O-],0.0,training
CN1CCN2c3ccccc3Cc3ccccc3C2C1,0.0,training
CC1C=CC=CCCC=CC=CC=CC=CC(O[C@@H]2O[C@H](C)[C@@H](O)[C@H](N)[C@@H]2O)CC(O)C(C(=O)O)C(O)CC(=O)CC(O)C(O)CCC(O)CC(O)CC(O)CC(=O)OC(C)C(C)C1O,0.0,training
Nc1nc(Cl)nc2c1ncn2[C@H]1C[C@H](O)[C@@H](CO)O1,0.0,training
CC1c2cccc(O)c2C(=O)C2C(=O)[C@]3(O)C(=O)C(C(N)=O)C(=O)C(N(C)C)[C@@H]3[C@@H](O)[C@@H]21,0.0,training
C[C@@H](O)C1NC(=O)C(CCCCN)NC(=O)C(Cc2c[nH]c3ccccc23)NC(=O)C(Cc2ccccc2)NC(=O)C(NC(=O)C(N)Cc2ccccc2)CSSCC(C(=O)N[C@H](CO)[C@@H](C)O)NC1=O,0.0,training
Nc1nc(O)c(-c2ccccc2)o1,0.0,training
O=C(O)CCCCC1CCSS1,0.0,training
Cc1cccc(C)c1NC(=O)C(C)N,0.0,training
CC(C)(C)c1ccc(S(=O)(=O)/C=C\C#N)cc1,0.0,training
CN1C[C@H](CO)C=C2c3cccc4[nH]cc(c34)C[C@H]21,1.0,training
OC[C@H]1O[C@@H]2O[C@H]3[C@H](O)[C@@H](O)[C@@H](O[C@H]4[C@H](O)[C@@H](O)[C@@H](O[C@H]5[C@H](O)[C@@H](O)[C@@H](O[C@H]6[C@H](O)[C@@H](O)[C@@H](O[C@H]7[C@H](O)[C@@H](O)[C@@H](O[C@H]8[C@H](O)[C@@H](O)[C@@H](O[C@H]1[C@H](O)[C@H]2O)O[C@@H]8CO)O[C@@H]7CO)O[C@@H]6CO)O[C@@H]5CO)O[C@@H]4CO)O[C@@H]3CO,0.0,training
CCCc1cc(=O)[nH]c(=S)[nH]1,0.0,training
CCCN(CCC)S(=O)(=O)c1ccc(C(=O)O)cc1,0.0,training
Oc1c(Cl)cc(Cl)cc1Sc1cc(Cl)cc(Cl)c1O,1.0,training
CCC(C)[C@@H](N)C1=NC(C(=O)NC(CC(C)C)C(=O)NC(CCC(=O)O)C(=O)NC(C(=O)NC2CCCCNC(=O)C(CC(N)=O)NC(=O)C(CC(=O)O)NC(=O)C(Cc3c[nH]cn3)NC(=O)C(Cc3ccccc3)NC(=O)C([C@@H](C)CC)NC(=O)C(CCCN)NC2=O)[C@@H](C)CC)CS1,0.0,training
CN=C(NC#N)NCCSCc1[nH]cnc1C,0.0,training
O=c1[nH]cnc2c1ncn2[C@H]1CC[C@@H](CO)O1,0.0,training
COc1cc(C=CC(=O)O)ccc1O,0.0,training
COC1=CC(=O)C[C@@H](C)[C@]12Oc1c(Cl)c(OC)cc(OC)c1C2=O,0.0,training
CC(C)CN(C[C@@H](O)[C@H](Cc1ccccc1)NC(=O)OC1CCOC1)S(=O)(=O)c1ccc(N)cc1,0.0,training
CCc1c2c(nc3ccc(OC(=O)N4CCC(N5CCCCC5)CC4)cc13)-c1cc3c(c(=O)n1C2)COC(=O)[C@]3(O)CC,0.0,training
Cc1oncc1C(=O)Nc1ccc(C(F)(F)F)cc1,0.0,training
CCOC(=O)C1=C(C)N=C(C)C(C(=O)OC)C1c1cccc([N+](=O)[O-])c1,0.0,training
CON=C(C(=O)NC1C(=O)N2C(C(=O)O)=C(COC(N)=O)CS[C@H]12)c1ccco1,0.0,training
N#Cc1ccc(C(c2ccc(C#N)cc2)n2cncn2)cc1,1.0,training
CC1(C)O[C@@H]2[C@@H](CO[C@@]3(COS(N)(=O)=O)OC(C)(C)O[C@@H]23)O1,0.0,training
CC(C)[N+](C)(CCOC(=O)C1c2ccccc2Oc2ccccc21)C(C)C,1.0,training
CNNCc1ccc(C(=O)NC(C)C)cc1,0.0,training
C[C@H]1O[C@@H](O[C@H]2CC[C@@]3(C)[C@H](CC[C@@H]4[C@@H]3C[C@@H](O)[C@]3(C)[C@@H](C5=CC(=O)OC5)CC[C@]43O)C2)C[C@H](O)[C@H]1O[C@H]1C[C@H](O)[C@@H](O[C@H]2C[C@H](O)[C@H](O[C@H]3O[C@H](CO)[C@@H](O)[C@H](O)[C@H]3O)[C@@H](C)O2)[C@@H](C)O1,0.0,training
Cc1cc(C(C)(C)C)cc(C)c1CC1=NCCN1,1.0,training
O=C(c1ccc(OCCN2CCCCC2)cc1)c1c(-c2ccc(O)cc2)sc2cc(O)ccc12,1.0,training
COc1ccc(OC)c(C(O)CNC(=O)CN)c1,0.0,training
CCN(C(C)=O)c1cccc(-c2ccnc3c(C#N)cnn23)c1,0.0,training
Nc1c2ccccc2nc2ccccc12,1.0,training
CCC1(C)CC(=O)NC1=O,0.0,training
CC1(C)NC(=O)N(c2ccc([N+](=O)[O-])c(C(F)(F)F)c2)C1=O,0.0,training
C[C@@H]1[C@H](O)[C@@H](C)C=CC=CC=CC=CC=CC=CC=C[C@H](O[C@@H]2O[C@H](C)[C@@H](O)[C@H](N)[C@@H]2O)C[C@@H]2O[C@](O)(C[C@@H](O)C[C@@H](O)[C@H](O)CC[C@@H](O)C[C@@H](O)CC(=O)O[C@H]1C)C[C@H](O)C2C(=O)O,0.0,training
CO[C@@]1(NC(=O)CSCC#N)C(=O)N2C(C(=O)O)=C(CSc3nnnn3C)CSC21,0.0,training
NNc1nncc2ccccc12,1.0,training
Cc1c(-c2ccc(O)cc2)n(Cc2ccc(OCCN3CCCCCC3)cc2)c2ccc(O)cc12,1.0,training
CCc1ccc(CCOc2ccc(Cc3sc(=O)[nH]c3O)cc2)nc1,1.0,training
CCCOc1ccc(C(=O)OCCN(CC)CC)cc1N,1.0,training
CCN(CC)CCOC(=O)c1ccc(N)cc1,0.0,training
C[C@]12C=CC(=O)C=C1CC[C@H]1[C@@H]3C[C@@H](O)[C@](O)(C(=O)CO)[C@@]3(C)C[C@H](O)[C@@]12F,0.0,training
CC(=O)CCCCn1c(=O)c2c(ncn2C)n(C)c1=O,0.0,training
Cc1c(C)c2c(c(C)c1OC(=O)CCC(=O)O)CC[C@@](C)(CCC[C@H](C)CCC[C@H](C)CCCC(C)C)O2,0.0,training
CCc1nn(CCCN2CCN(c3cccc(Cl)c3)CC2)c(=O)n1CCOc1ccccc1,1.0,training
NC(CO)C(=O)NNCc1ccc(O)c(O)c1O,0.0,training
CC1(C)O[C@@H]2C[C@H]3[C@@H]4CC=C5CC(=O)CC[C@]5(C)[C@@]4(F)[C@@H](O)C[C@]3(C)[C@]2(C(=O)CCl)O1,1.0,training
COC(=O)CC(O)(CCC(C)(C)O)C(=O)O[C@H]1C(OC)=C[C@]23CCCN2CCc2cc4c(cc2[C@H]13)OCO4,0.0,training
CN(C)CCCN1c2ccccc2Sc2ccc(Cl)cc21,1.0,training
CCOC(=O)C1=C(C)N=C(C)C(C(=O)OC)C1c1cccc(Cl)c1Cl,0.0,training
CC1(C)O[C@@H]2C[C@H]3[C@@H]4C[C@H](F)C5=CC(=O)C=C[C@]5(C)[C@H]4[C@@H](O)C[C@]3(C)[C@]2(C(=O)CO)O1,0.0,training
CC(c1cc2ccccc2s1)N(O)C(N)=O,0.0,training
CC1=C(CC(=O)O)c2cc(F)ccc2C1=Cc1ccc(S(C)(=O)=O)cc1,0.0,training
CCN(CC)CC#CCOC(=O)C(O)(c1ccccc1)C1CCCCC1,1.0,training
CCCCc1oc2ccccc2c1C(=O)c1cc(I)c(OCCN(CC)CC)c(I)c1,0.0,training
CCN1CCCC1CNC(=O)c1cc(S(N)(=O)=O)ccc1OC,0.0,training
C[C@H](N)[C@]12C[C@H]3C[C@H](C[C@H](C3)C1)C2,0.0,training
O=C(OCC1OC(OC(=O)c2cc(O)c(O)c(O)c2)C(O)C(OC(=O)c2cc(O)c(O)c(O)c2)C1O)c1cc(O)c(O)c(O)c1,1.0,training
Cc1ccccc1N1CCN(CCc2nnc3n2CCCC3)CC1,0.0,training
CC(=O)[C@@]1(O)CC[C@H]2[C@@H]3CC(C)=C4CC(=O)C=C[C@]4(C)[C@@]3(F)[C@@H](O)C[C@@]21C,1.0,training
C#C[C@]1(O)CC[C@H]2[C@@H]3CC=C4CC(=O)CCC4[C@H]3CC[C@@]21C,1.0,training
O=C(O)c1cc(-c2ccc(F)cc2F)ccc1O,0.0,training
CN(C)C(=O)C(CCN1CCC(O)(c2ccc(Cl)cc2)CC1)(c1ccccc1)c1ccccc1,1.0,training
NC(O)=NO,0.0,training
CC(C)(C)NC(=O)C1CC[C@H]2[C@@H]3CC[C@H]4NC(=O)C=C[C@]4(C)[C@H]3CC[C@]12C,1.0,training
CC(=O)S[C@@H]1C=C2CC(=O)CC[C@]2(C)[C@H]2CC[C@@]3(C)[C@@H](CC[C@]34CCC(=O)O4)[C@H]12,1.0,training
Cc1cccc(C)c1OCC(C)N,0.0,training
CCCNCC(O)COc1ccccc1C(=O)CCc1ccccc1,0.0,training
CC(C)(C)NC(=O)C1CN(Cc2cccnc2)CCN1C[C@@H](O)CC(Cc1ccccc1)C(=O)NC1c2ccccc2C[C@H]1O,0.0,training
CC1(C)O[C@@H]2C[C@H]3[C@@H]4C[C@H](F)C5=CC(=O)C=C[C@]5(C)[C@@]4(F)[C@@H](O)C[C@]3(C)[C@]2(C(=O)CO)O1,0.0,training
CC1C[C@H](C)CC([C@H](O)CC2CC(=O)NC(=O)C2)C1=O,0.0,training
COC(=O)C1=C(C)N=C(C)C(C(=O)OCCN(C)Cc2ccccc2)C1c1cccc([N+](=O)[O-])c1,1.0,training
C[N+](C)(C)CCOC(=O)CCC(=O)OCC[N+](C)(C)C,0.0,training
C[C@]12CCC(=O)C=C1CC[C@@H]1C2C(=O)C[C@]2(C)C(=O)CC[C@@H]12,1.0,training
C[C@@]12C(=O)OC(=O)[C@]1(C)[C@H]1CC[C@@H]2O1,0.0,training
CCCN1CCCCC1C(=O)Nc1c(C)cccc1C,0.0,training
C#C[C@]1(O)CC[C@H]2[C@@H]3CCc4cc(O)ccc4[C@H]3CC[C@@]21C,0.0,training
C/C=C\C(=O)N(CC)c1ccccc1C,0.0,training
C[C@@H](O)C1C(=O)N2C(C(=O)O)=C(S[C@@H]3CNC(C(=O)N(C)C)C3)[C@H](C)[C@H]12,0.0,training
CC(C)NCC(O)COc1cccc2[nH]ccc12,0.0,training
CC(=O)Nc1ccc2c(c1)Cc1ccccc1-2,0.0,training
C[C@H]1C[C@H]2[C@@H]3CC=C4CC(=O)C=C[C@]4(C)[C@@]3(F)[C@@H](O)C[C@]2(C)[C@@]1(O)C(=O)CO,0.0,training
Oc1c(Cl)cc(Cl)c(Cl)c1Cc1c(O)c(Cl)cc(Cl)c1Cl,0.0,training
CCOC(=O)OC(C)OC1=C(C(=O)Nc2ccccn2)N(C)S(=O)(=O)c2ccccc21,0.0,training
O[C@H]1[C@H](O)[C@@H](O)[C@H](O)[C@@H](O)[C@H]1O,0.0,training
CC(=O)/N=c1/sc(S(N)(=O)=O)nn1C,0.0,training
COc1ccc(CC(N)C(=O)N[C@H]2[C@@H](O)[C@H](n3cnc4c(N(C)C)ncnc43)O[C@@H]2CO)cc1,0.0,training
C(=C/c1ccccc1)\CN1CCN(C(c2ccccc2)c2ccccc2)CC1,0.0,training
Oc1cccc(O)c1O,0.0,training
C[C@@H]1C[C@H]2[C@@H]3CC=C4CC(=O)C=C[C@]4(C)[C@@]3(F)[C@@H](O)C[C@]2(C)[C@@]1(O)C(=O)CO,0.0,training
Nc1ncnc2c1ncn2[C@@H]1O[C@H](CO)[C@@H](O)[C@@H]1O,0.0,training
COc1cc(OC)c(C(=O)CCCN2CCCC2)c(OC)c1,1.0,training
Oc1ccc(C=Cc2cc(O)cc(O)c2)cc1,0.0,training
CC=Cc1ccc(O)c(OC)c1,0.0,training
CN1CC(C(=O)N[C@]2(C)O[C@@]3(O)[C@@H]4CCCN4C(=O)C(Cc4ccccc4)N3C2=O)CC2c3cccc4[nH]cc(c34)C[C@H]21,0.0,training
CC[C@H]1OC(=O)C(C)[C@H](O[C@H]2C[C@@](C)(OC)[C@@H](O)[C@H](C)O2)[C@H](C)[C@@H](O[C@@H]2O[C@H](C)C[C@H](N(C)C)[C@H]2O)[C@](C)(O)C[C@@H](C)CN(C)[C@H](C)[C@@H](O)[C@]1(C)O,1.0,training
CC(N)C(O)c1ccccc1,0.0,training
CC(C)(O)[C@H]1C2C(=O)O[C@@H]1[C@H]1OC(=O)[C@@]34O[C@@H]3C[C@]2(O)[C@@]14C,0.0,training
C[C@]12CCC(=O)C=C1CC[C@@H]1[C@@H]2[C@@H](O)C[C@@]2(C)[C@H]1CC[C@]2(O)C(=O)CO,1.0,training
C[C@]12C=CC(=O)C=C1CC[C@@H]1C2C(=O)C[C@@]2(C)[C@H]1CC[C@]2(O)C(=O)CO,1.0,training
CCC(C)(C)c1ccc(CC(C)CN2C[C@@H](C)O[C@@H](C)C2)cc1,0.0,training
CCCCNC(=O)NS(=O)(=O)c1ccc(C)cc1,0.0,training
O=C/C=C/c1ccccc1,0.0,training
CC1=C(CC(=O)O)c2cc(F)ccc2C1=Cc1ccc([S+](C)[O-])cc1,0.0,training
NC(=O)n1c(O)c(C(=O)c2cccs2)c2cc(Cl)ccc21,0.0,training
COC(=O)C1[C@H]2C[C@H]3c4[nH]c5ccccc5c4CCN3C[C@@H]2CC[C@@H]1O,0.0,training
O=c1cc(-c2ccccc2)oc2c1ccc1ccccc12,0.0,training
CN1C(C(=O)Nc2ccccn2)C(=O)c2ccccc2S1(=O)=O,0.0,training
O=c1[nH]cnc2c1ncn2[C@@H]1O[C@H](CO)[C@@H](O)[C@H]1O,0.0,training
O=C(NC(Cc1cc(=O)[nH]c2ccccc12)C(=O)O)c1ccc(Cl)cc1,0.0,training
NNCCc1ccccc1,1.0,training
NNC(=O)c1ccncc1,0.0,training
Cc1cc(N)c2ccccc2[n+]1CCCCCCCCCC[n+]1c(C)cc(N)c2ccccc21,1.0,training
COc1cccc2c(O)c3c(c(O)c12)C(=O)C1=C(C[C@@](O)(C(=O)CO)C[C@H]1O[C@H]1C[C@H](N)[C@@H](O)[C@H](C)O1)C3=O,0.0,training
CCCC[N+]1(C)C2C[C@H](OC(=O)C(CO)c3ccccc3)C[C@@H]1[C@H]1O[C@H]21,1.0,training
CCCCOc1cc(C(=O)NCCN(CC)CC)c2ccccc2n1,0.0,training
OCCOCCN1CCN(C2=Nc3ccccc3Sc3ccccc32)CC1,0.0,training
CN(C)C(=O)COC(=O)Cc1ccc(OC(=O)c2ccc(N=C(N)N)cc2)cc1,0.0,training
COc1ccc(CCN2CCC(Nc3nc4ccccc4n3Cc3ccc(F)cc3)CC2)cc1,0.0,training
O=C(C=Cc1ccc(O)c(O)c1)OCCc1ccccc1,0.0,training
CC(C)(O)C(Cl)(Cl)Cl,0.0,training
CC(CCc1ccccc1)NCC(O)c1ccc(O)c(C(N)=O)c1,0.0,training
CC[C@@]1(O)C(=O)OCc2c1cc1n(c2=O)Cc2cc3c([N+](=O)[O-])cccc3nc2-1,0.0,training
CNCCc1ccccn1,0.0,training
CC(C)(C)NC[C@H](O)COc1cccc2c1CCCC2=O,0.0,training
COc1ccc(-c2ccc3cc(C(=O)O)ccc3c2)cc1C12CC3CC(CC(C3)C1)C2,1.0,training
C=CCN1CC[C@]23c4c5ccc(O)c4O[C@H]2/C(=N\N=C2\CC[C@@]4(O)[C@H]6Cc7ccc(O)c8c7[C@@]4(CCN6CC=C)[C@H]2O8)CC[C@@]3(O)[C@H]1C5,1.0,training
CN(C)C1C(=O)C(C(N)=O)C(=O)[C@@]2(O)C(=O)C3C(=O)c4c(O)cccc4[C@@](C)(O)[C@H]3[C@H](O)[C@@H]12,0.0,training
O=C(O)COCCN1CCN(C(c2ccccc2)c2ccc(Cl)cc2)CC1,0.0,training
CCCC(C)(COC(N)=O)COC(=O)NC(C)C,0.0,training
CCCCN1CCCCC1C(=O)Nc1c(C)cccc1C,0.0,training
C[n+]1ccccc1C=NO,1.0,training
OB(O)O,0.0,training
O=C1C[C@@H]2OCC=C3CN4CC[C@]56c7ccccc7N1[C@H]5[C@H]2[C@H]3C[C@H]46,1.0,training
NC(Cc1ccc(O)c(O)c1)C(=O)O,0.0,training
CCCNC(C)C(=O)Nc1ccccc1C,0.0,training
Nc1ccn([C@@H]2CS[C@H](CO)O2)c(=O)n1,0.0,training
Cc1ncc(CO)c(CO)c1O,0.0,training
Clc1ccccc1C(c1ccccc1)(c1ccccc1)n1ccnc1,0.0,training
O=C(O)CCNC(=O)c1ccccc1,0.0,training
CN1C2C[C@H](OC(=O)C(CO)c3ccccc3)C[C@@H]1[C@H]1O[C@@H]21,1.0,training
S=C=Nc1cccc2ccccc12,0.0,training
CC(CN1c2ccccc2Sc2ccccc21)N(C)C,0.0,training
CCOC(=O)c1ncn2c1CN(C)C(=O)c1cc(F)ccc1-2,1.0,training
O=C(O)c1cc(N=Nc2ccc(S(=O)(=O)Nc3ccccn3)cc2)ccc1O,0.0,training
Nc1ccc(S(=O)(=O)Nc2ncccn2)cc1,0.0,training
FCOC(C(F)(F)F)C(F)(F)F,0.0,training
CC/C(=C(\c1ccccc1)c1ccc(OCCN(C)C)cc1)c1ccccc1,0.0,training
C[C@@](Cc1ccc(O)c(O)c1)(NN)C(=O)O,0.0,training
CCN(CC)C(=O)N[C@H]1C=C2c3cccc4[nH]cc(c34)C[C@H]2N(C)C1,1.0,training
O=C(NCCN1CCOCC1)c1ccc(Cl)cc1,0.0,training
CC(=O)O[C@]1(C(C)=O)CC[C@H]2C3=CC(Cl)=C4CC(=O)CC[C@]4(C)[C@H]3CC[C@@]21C,1.0,training
NS(=O)(=O)c1cc2c(cc1C(F)(F)F)NCNS2(=O)=O,0.0,training
Nn1nnc2ccccc21,0.0,training
N[C@]12C[C@H]3C[C@H](C[C@H](C3)C1)C2,0.0,training
CC(C)C1CCC(C(=O)NC(Cc2ccccc2)C(=O)O)CC1,0.0,training
O=S(=O)(O)CCS,0.0,training
C=C1/C(=C/C=C2\CCC[C@]3(C)[C@@H]([C@H](C)CCCC(C)(C)O)CC[C@@H]23)C[C@@H](O)CC1O,0.0,training
CC(S)C(=O)NCC(=O)O,0.0,training
c1ccc(-c2ccc(C(c3ccccc3)n3ccnc3)cc2)cc1,0.0,training
CN1CCN2c3ncccc3Cc3ccccc3C2C1,1.0,training
COc1c(O)c(C)c(C=CCCCCCCCCO)c(O)c1OC,1.0,training
C[C@]12CC(C=O)C(=O)C[C@@H]1CC[C@@H]1[C@@H]2CC[C@@]2(C)[C@H]1CC[C@]2(C)O,1.0,training
Nc1nc2ccc(OC(F)(F)F)cc2s1,0.0,training
CCN(CC)C(=S)SSC(=S)N(CC)CC,0.0,training
CN1C(=O)CN=C(c2ccccc2)c2cc(Cl)ccc21,1.0,training
CN(N=O)C(=O)NC(C=O)[C@@H](O)[C@H](O)[C@H](O)CO,0.0,training
Brc1c(NC2=NCCN2)ccc2nccnc12,1.0,training
CC(CO)NC(=O)C1C=C2c3cccc4[nH]cc(c34)CC2N(C)C1,0.0,training
CC(C)NNC(=O)c1ccncc1,0.0,training
S=c1[nH]cnc2[nH]cnc12,0.0,training
CC1Cc2ccccc2N1NC(=O)c1ccc(Cl)c(S(N)(=O)=O)c1,1.0,training
CC(=O)OC[C@H]1O[C@@H](n2ncc(=O)[nH]c2=O)[C@H](OC(C)=O)[C@@H]1OC(C)=O,0.0,training
CCS(=O)(=O)CCn1c([N+](=O)[O-])cnc1C,0.0,training
OCCN(CCO)c1nc(N2CCCCC2)c2nc(N(CCO)CCO)nc(N3CCCCC3)c2n1,1.0,training
Cc1cnc(NC(=O)C2C(=O)c3ccccc3S(=O)(=O)N2C)s1,0.0,training
CCn1cc(C(=O)O)c(=O)c2cc(F)c(N3CCNCC3)cc21,1.0,training
CC=C(c1ccc(O)cc1)C(CC)c1ccc(O)cc1,0.0,training
O=C1CN=C(c2ccccc2Cl)c2cc([N+](=O)[O-])ccc2N1,0.0,training
CC(C)NCC(O)COc1cccc2ccccc12,0.0,training
COc1ccc([C@@H]2Sc3ccccc3N(CCN(C)C)C(=O)C2OC(C)=O)cc1,0.0,training
S=c1[nH]c2ccccc2s1,0.0,training
CC[C@H]1OC(=O)C(C)[C@H](O[C@H]2C[C@@](C)(OC)[C@@H](O)[C@H](C)O2)[C@H](C)[C@@H](O[C@@H]2O[C@H](C)C[C@H](N(C)C)[C@H]2O)[C@](C)(O)CC(C)C(=O)C(C)[C@@H](O)[C@]1(C)O,0.0,training
Oc1ccc(OCc2ccccc2)cc1,1.0,training
CN1C2CCC1CC(OC(=O)C(O)c1ccccc1)C2,1.0,training
CCN(CC)CC(=O)Nc1c(C)cccc1C,0.0,training
Nc1nc(=O)c2[nH]nnc2[nH]1,0.0,training
Cc1cnc(C(=O)NCCc2ccc(S(=O)(=O)NC(=O)NC3CCCCC3)cc2)cn1,0.0,training
C[C@H]([C@](O)(Cn1cncn1)c1ccc(F)cc1F)S(C)(=O)=O,0.0,training
Cn1cnc([N+](=O)[O-])c1Sc1ncnc2[nH]cnc12,0.0,training
